Workbook

Sheet MODELO JEC
A1: I. DATOS GENERALES DE LA IE | M1: II. DATOS DEL DIRECTOR(A) | R1: II. DATOS DEL SUB DIRECTOR(A) | W1: 01 ASPECTO: CONDICIONES | AE1: ASPECTO 02: P3 INSTITUCIONES EDUCATIVAS QUE ASEGURAN EL BUEN VIVIR - Componente Pedagógico: Implementación TOECE | AO1: PUNTAJE | AP1: ASPECTO 03: P1 INSTITUCIONES EDUCATIVAS QUE ASEGURAN APRENDIZAJES – Componente Pedagógico y Componente de Gestión: Organización | BB1: PUNTAJE | BC1: ASPECTO 04: P1 INSTITUCIONES EDUCATIVAS QUE ASEGURAN APRENDIZAJES –Componente de Soporte: Acompañamiento Interno | BK1: PUNTAJE | BL1: ASPECTO 05: P1 INSTITUCIONES EDUCATIVAS QUE ASEGURAN APRENDIZAJES Componente Gestión del Personal de Apoyo | BS1: PUNTAJE | BT1: OBSERVACIONES / RECOMENDACIONES | BU1: COMPROMISO | BV1: Puntaje Total por IIEE | BW1: Nviel por IIEE
W2: 01 | X2: 02 | Y2: 03 | Z2: 04 | AA2: 05 | AB2: 06 | AC2: 07 | AE2: 01 | AF2: 02 | AG2: 03 | AH2: 04 | AI2: 05 | AJ2: 06 | AK2: 07 | AL2: 08 | AM2: 09 | AN2: 10 | AP2: 11 | AQ2: 12 | AR2: 13 | AS2: 14 | AT2: 15 | AU2: 16 | AV2: 17 | AW2: 18 | AX2: 19 | AY2: 20 | AZ2: 21 | BA2: 22 | BC2: 23 | BD2: 24 | BE2: 25 | BF2: 26 | BG2: 27 | BH2: 28 | BI2: 29 | BJ2: 30 | BL2: 31 | BM2: 32 | BN2: 33 | BO2: 34 | BP2: 35 | BQ2: 36 | BR2: 37
A3: N° | B3: Número y/o nombre de la Institución Educativa | C3: Código Modular | D3: UGEL | E3: RED | F3: Fecha | G3: SECCIONES | H3: Cantidad de estudiantes | I3: Cantidad de docentes | J3: IE implementa el modelo de Servicio Educativo Secundaria con Formación Técnica. | K3: Cantidad de C.P | L3: Cantidad de C.T | M3: Nombres y Apellidos | N3: DNI | O3: Teléfono | P3: Condición | Q3: Correo | R3: Nombres y Apellidos | S3: DNI | T3: Teléfono | U3: Condición | V3: Correo | W3: La IE desarrolla diariamente una jornada presencial de 9 horas pedagógicas y duración de la hora pedagógica de 45 minutos. | X3: A la fecha de visita, la IE cuenta con la totalidad de docentes. | Y3: A la fecha de visita, la IE cuenta con la totalidad de personal CAS, que le corresponden según la normatividad vigente( Vigilante, personal de mantenimiento, CIST y Psicólogo) | Z3: Se implementaron las condiciones de los talleres para las especialidades que oferta y utilizan módulos del MINEDU si se respondió SI al inicio al SMFT. | AA3: Los horarios de los docentes se encuentran organizados para el desarrollo del trabajo colegiado y las reuniones se desarrollan de acuerdo a lo planificado | AB3: En la IE se han destinado espacios limpios y adecuados para que los estudiantes consuman los alimentos y otros. | AC3: La comunidad educativa se encuentra organizada para acompañar a los estudiantes durante el refrigerio escolar asignando responsabilidades a los diferentes actores, quienes las cumplen | AE3: La IE cuenta con un Plan de Tutoría, Orientación Educativa y Convivencia Escolar (TOECE) actualizado. Formulado a partir de la identificación de necesidades de los estudiantes y realizan reportes periódicos de las actividades planificadas en el Plan TOECE | AF3: Se han planificado actividades orientadas a la Promoción Activa de la Participación Estudiantil (municipio escolar, “Somos Pares”, club de ciencias, club de ajedrez, club deportivo activos u otros) | AG3: La IE implementa espacios de diálogo y debate entre estudiantes sobre todo aquello que influye en una formación integral. (Asuntos públicos: problemas específicos de la vida en la escuela, aprendizajes, etc.) | AH3: Se han desarrollado actividades orientadas a involucrar a las familias con la labor de la escuela, a nivel del aula e IE. (Escuela de padres, talleres para familias, asambleas de aula) y estas forman parte del Plan TOECE. | AI3: Los docentes tutores implementan la tutoría individual y grupal, reportando periódicamente al coordinador de tutoría y/o director de la IE. | AJ3: La IE cuenta con su directorio de aliados para la prevención de situaciones de riesgo, para la promoción de una sana convivencia. | AK3: En la IE se han implementado normas de convivencia y medidas correctivas, las mismas que han sido difundidas entre los miembros de la comunidad educativa. | AL3: La IE ha socializado los protocolos para atender los casos de violencia escolar. (Protocolo de atención RM 383-2025) y estos son registrados y reportados, en la plataforma de SISEVE. | AM3: La IE ha previsto la aplicación del Kit de Bienestar Socioemocional a los estudiantes para la toma de decisiones y se ha reportado al Mundo IE. | AN3: Los directivos, convocan reunión de trabajo para analizar reportes de convivencia, casos de tutoría y necesidades socioemocionales de los estudiantes. | AP3: Ha establecido las metas de logros de aprendizaje para el año 2026 y están incorporadas en los documentos de planificación curricular | AQ3: El directivo sistematiza la información obtenida a partir del monitoreo de la práctica pedagógica (inicio, proceso y salida) identificando logros y necesidades formativas, socializa con los docentes en reuniones colegiadas para proponer acciones de mejora y ejecuta acciones formativas. Porcentaje de avance del monitoreo de inicio: ___% | AR3: La IE cuenta con el (PEAI) y RD de conformación de las Brigadas de Educación Ambiental y Gestión de Riesgo de Desastres, además de monitorear el cumplimiento de sus funciones y realizar el seguimiento de las actividades propuestas en el plan de trabajo. | AS3: Se cuenta con Plan Lector aprobado con RD y en el PAT y considera las etapas de la muestra la implementación según cronograma. | AT3: El directivo ha identificado e implementado buenas prácticas (pedagógica y/o gestión) y/o Proyecto(s) de Innovación en la IE y los ha incluido en el PAT. Además, presenta evidencias de los avances o resultados de la implementación. | AU3: El directivo sistematiza, analiza y reflexiona sobre los resultados de aprendizaje de la evaluación diagnóstica por competencias, a fin de proponer acciones de mejora con la comunidad educativa. | AV3: El equipo directivo y Coordinador pedagógico, revisan y retroalimentan la planificación del refuerzo escolar para asegurar que incluya acciones de atención diferenciada según las necesidades de los estudiantes. Monitorean y acompañan a la implementación de R. E, en cada etapa | AW3: Promueve el uso de espacios educativos de la I.E así como el empleo de materiales educativos diversos generando mejores condiciones para los aprendizajes (laboratorios, talleres, bibliotecas, aulas flexibles, AIP, entre otros) | AX3: El director y subdirectores realizan el monitoreo y acompañamiento a las funciones del coordinador pedagógico, coordinador de tutoría y revisan conjuntamente con los coordinadores los registros de visita aula. A si como realizan reuniones de orientación al CIST y Psicólogo. | AY3: El equipo directivo y los coordinadores se reúnen semanalmente para evaluar el desarrollo de las actividades educativas y para consensuar pautas de trabajo común, establecen acuerdos para la mejora de la IE | AZ3: Monitorea las horas complementarias: Trabajo curricular del área curricular, colegiado de tutoría, atención a estudiantes y de familias, elaboración/ reajuste de materiales educativos, retroalimentación escrita, investigación para la mejora de la práctica. | BA3: El equipo directivo y coordinadores han participado en las acciones formativas que organiza la UGEL, DRELM o MINEDU para fortalecer sus competencias profesionales y se realiza replicas. | BC3: El coordinador pedagógico realizó la sensibilización al equipo docente a cargo, así como el monitoreo diagnóstico al docente, sistematiza los resultados (informe para el reporte en el SIMON dentro del plazo indicado) Porcentaje de avance del monitoreo de diagnóstico: _____% | BD3: El coordinador pedagógico cuenta con su plan de acompañamiento y matriz de necesidades formativas sobre la práctica pedagógica | BE3: El Coordinador Pedagógico (CP) desarrolla acciones formativas (talleres, debate, webinar, sensibilización entre otros) en las reuniones de trabajo colegiado (RTC) u otros espacios. | BF3: Las reuniones de Trabajo Colegiado pedagógico se realizan semanalmente, definiendo el propósito pedagógico, las estrategias de trabajo y los recursos necesarios. logrando establecer acuerdos para la mejora de los aprendizajes de los estudiantes. | BG3: El coordinador de Tutoría (CT) realiza la sensibilización al equipo de docente, así como el monitoreo diagnostico a los docentes tutores a , sistematiza los resultados y realiza el análisis conjuntamente con los directivos (para el reporte del SIMON dentro de las fechas indicadas). | BH3: El coordinador de Tutoría (CT) cuenta con su plan de acompañamiento y matriz de necesidades formativas sobre la practica pedagógica. | BI3: El Coordinador de Tutoría (CT) desarrolla acciones formativas (talleres, debate, webinar, sensibilización entre otros) en las reuniones de trabajo colegiado u otros espacios. | BJ3: Las reuniones de trabajo Colegiado en tutoría se realizan semanalmente, estableciendo compromisos para la mejora de la convivencia y de los aprendizajes de los estudiantes. | BL3: El psicólogo formaliza alianzas con instituciones y actores clave de la comunidad para mejorar la atención a los problemas de los estudiantes en la escuela. | BM3: El psicólogo(a) cuenta con un plan de trabajo alineado al diagnóstico institucional y desarrolla actividades formativas (talleres, charlas, sensibilización y otros). | BN3: El psicólogo(a) sostiene reuniones con madres y/o padres de familia para brindarles orientación y apoyo. | BO3: El psicólogo(a). asesora, orienta, sensibiliza y promueve la implementación de la TOE, de acuerdo con el plan de trabajo elaborado y reporta las actividades realizadas. | BP3: El CIST cuenta con inventario y realiza acciones orientadas a dar soporte y mantenimiento a los equipos tecnológicos (Plataformas educativas, laptop, PC, proyectores multimedia, Otros) de la IE, siguiendo el plan de trabajo elaborado y cumple con reportarlas. | BQ3: El Coordinador de Innovación y Soporte Tecnológico (CIST) fortalece las competencias digitales de la comunidad educativa y registra el uso de los recursos educativos utilizados por los docentes. | BR3: El CIST acondiciona el laboratorio de inglés y lleva control del uso del mismo por los docentes del área de Inglés.
A4: 1 | B4: 1105 LA SAGRADA FAMILIA | C4: 0535666 | D4: O3 | E4: 9 | F4: 46140 | G4: 11 | H4: 304 | I4: 24 | J4: NO | K4: 2 | L4: 1 | M4: MARÍA JANNET SALAZAR QUISPE | N4: 06816247 | O4: 933815039 | P4: DESIGNADO | Q4: mariasalazar033@gmail.com | R4: LIZANDRO QUISPE ILIZAR | S4: 07874029 | T4: 945135980 | U4: DESIGNADO | V4: lizandrog@gmail.com | W4: SI | X4: NO | Y4: NO | AA4: SI | AB4: SI | AC4: SI | AE4: 3 | AF4: 3 | AG4: 1 | AH4: 3 | AI4: 3 | AJ4: 3 | AK4: 3 | AL4: 3 | AM4: 2 | AN4: 3 | AO4: =SUM(AE4:AN4) -> 27 | AP4: 3 | AQ4: 1 | AR4: 3 | AS4: 3 | AT4: 2 | AU4: 3 | AV4: 1 | AW4: 3 | AX4: 1 | AY4: 3 | AZ4: 3 | BA4: 3 | BB4: =SUM(AP4:BA4) -> 29 | BC4: 2 | BD4: 2 | BE4: 3 | BF4: 3 | BG4: 2 | BH4: 2 | BI4: 3 | BJ4: 3 | BK4: =SUM(BC4:BJ4) -> 20 | BL4: 1 | BM4: 3 | BN4: 3 | BO4: 3 | BS4: =SUM(BL4:BR4) -> 10 | BV4: =SUM(AO4+BK4+BS4+BB4) -> 86 | BW4: =IF(BV4<=0,"",IF(BV4<=56,"INICIO",IF(BV4<=83,"PROCESO",IF(BV4<=111,"LOGRADO","")))) -> LOGRADO | CB4: RESULTADO
A5: 2 | B5: JOSE SANTOS CHOCANO | D5: O3 | E5: 14 | F5: 46139 | G5: 9 | H5: 175 | I5: 20 | J5: NO | K5: 3 | L5: 0 | M5: JAIME LAURO CABALLERO CARDENAS | N5: 32387785 | O5: 995692130 | P5: DESIGNADO | Q5: jaime.lauroc@gmail.com | W5: SI | X5: SI | Y5: SI | AA5: SI | AB5: SI | AC5: SI | AE5: 3 | AF5: 3 | AG5: 3 | AH5: 3 | AI5: 2 | AJ5: 3 | AK5: 3 | AL5: 3 | AM5: 3 | AN5: 3 | AO5: =SUM(AE5:AN5) -> 29 | AP5: 3 | AQ5: 2 | AR5: 3 | AS5: 3 | AT5: 3 | AU5: 2 | AV5: 1 | AW5: 3 | AX5: 3 | AY5: 3 | AZ5: 3 | BA5: 2 | BB5: =SUM(AP5:BA5) -> 31 | BC5: 1 | BD5: 1 | BE5: 3 | BF5: 2 | BG5: 1 | BH5: 1 | BI5: 3 | BJ5: 3 | BK5: =SUM(BC5:BJ5) -> 15 | BL5: 3 | BM5: 1 | BN5: 3 | BO5: 3 | BP5: 3 | BQ5: 3 | BR5: 3 | BS5: =SUM(BL5:BR5) -> 19 | BV5: =SUM(AO5+BK5+BS5+BB5) -> 94 | BW5: =IF(BV5<=0,"",IF(BV5<=56,"INICIO",IF(BV5<=83,"PROCESO",IF(BV5<=111,"LOGRADO","")))) -> LOGRADO | CB5: IIEE POR NIVELES | CC5: cant | CD5: %
A6: 3 | B6: ANGELICA PALMA ROMAN | C6: 0340331 | D6: O3 | E6: 11 | F6: 46141 | G6: 10 | H6: 250 | I6: 24 | J6: NIO | K6: 3 | L6: 1 | M6: NORMA AGUILAR DE MORALES | P6: DESIGNADO | R6: PILAR HUARCAYA CABEZAS | S6: 07490384 | T6: 982270546 | U6: DESIGNADO | V6: maly444466@gmail.com | W6: SI | X6: SI | Y6: NO | AA6: SI | AB6: SI | AC6: SI | AE6: 3 | AF6: 3 | AG6: 2 | AH6: 3 | AI6: 3 | AJ6: 3 | AK6: 3 | AL6: 3 | AM6: 3 | AN6: 3 | AO6: =SUM(AE6:AN6) -> 29 | AP6: 3 | AQ6: 2 | AR6: 3 | AS6: 3 | AT6: 3 | AU6: 2 | AV6: 2 | AW6: 3 | AX6: 2 | AY6: 3 | AZ6: 3 | BA6: 3 | BB6: =SUM(AP6:BA6) -> 32 | BC6: 2 | BD6: 3 | BE6: 3 | BF6: 3 | BG6: 2 | BH6: 3 | BI6: 3 | BJ6: 3 | BK6: =SUM(BC6:BJ6) -> 22 | BL6: 3 | BM6: 3 | BN6: 3 | BO6: 3 | BS6: =SUM(BL6:BR6) -> 12 | BV6: =SUM(AO6+BK6+BS6+BB6) -> 95 | BW6: =IF(BV6<=0,"",IF(BV6<=56,"INICIO",IF(BV6<=83,"PROCESO",IF(BV6<=111,"LOGRADO","")))) -> LOGRADO | CB6: IEE EN NIVEL INICIO | CC6: =COUNTIF($BW$4:$BW$33,"INICIO") -> 0 | CD6: =CC6/COUNTA($BW$4:$BW$32) -> 0
A7: 4 | B7: 24 ROSA IRENE INFANTE CANALES | C7: 0337766 | D7: O3 | E7: 16 | F7: 23242026 | G7: 16 | H7: 437 | I7: 36 | J7: NO | K7: 3 | L7: 1 | M7: MARIA ISABEL ANICAMA GOVEA | N7: 06693277 | O7: 964309616 | P7: DESIGNADO | Q7: maria_anicama@ugel03.gob.pe | R7: ROXANA DEL CARMEN LUQUE RAMOS | S7: 25573680 | T7: 957978177 | U7: DESIGNADO | V7: roluramos2020@gmail.com | W7: SI | X7: SI | Y7: SI | AA7: SI | AB7: SI | AC7: SI | AE7: 3 | AF7: 3 | AG7: 3 | AH7: 3 | AI7: 3 | AJ7: 3 | AK7: 3 | AL7: 3 | AM7: 2 | AN7: 3 | AO7: =SUM(AE7:AN7) -> 29 | AP7: 3 | AQ7: 2 | AR7: 3 | AS7: 3 | AT7: 3 | AU7: 2 | AV7: 2 | AW7: 3 | AX7: 3 | AY7: 3 | AZ7: 3 | BA7: 3 | BB7: =SUM(AP7:BA7) -> 33 | BC7: 2 | BD7: 2 | BE7: 3 | BF7: 3 | BG7: 2 | BH7: 1 | BI7: 3 | BJ7: 3 | BK7: =SUM(BC7:BJ7) -> 19 | BL7: 3 | BM7: 3 | BN7: 3 | BO7: 3 | BP7: 3 | BQ7: 3 | BR7: 3 | BS7: =SUM(BL7:BR7) -> 21 | BV7: =SUM(AO7+BK7+BS7+BB7) -> 102 | BW7: =IF(BV7<=0,"",IF(BV7<=56,"INICIO",IF(BV7<=83,"PROCESO",IF(BV7<=111,"LOGRADO","")))) -> LOGRADO | CB7: IEE EN NIVEL PROCESO | CC7: =COUNTIF($BW$4:$BW$33,"PROCESO") -> 7 | CD7: =CC7/COUNTA($BW$4:$BW$32) -> 0.24137931
A8: 5 | B8: JUAN PABLO VIZCARDO Y GUZMAN | C8: 0336594 | D8: O3 | E8: 5 | F8: 46134 | G8: 28 | H8: 777 | J8: NO | K8: 5 | L8: 2 | M8: MOISES ALVARO QUINCHA | O8: 944227135 | P8: DESIGNADO | Q8: colegioJPVYG@gmail.com | R8: MARLENE G. FIGUEROA HUAMAN | S8: 06708202 | T8: 945941711 | U8: DESIGNADO | V8: marlenefigueroahuaman@gmail.com | W8: SI | X8: NO | Y8: SI | AA8: SI | AB8: SI | AC8: SI | AE8: 2 | AF8: 2 | AG8: 2 | AH8: 3 | AI8: 3 | AJ8: 3 | AK8: 3 | AL8: 2 | AM8: 2 | AN8: 3 | AO8: =SUM(AE8:AN8) -> 25 | AP8: 3 | AQ8: 1 | AR8: 3 | AS8: 2 | AT8: 3 | AU8: 3 | AV8: 1 | AW8: 3 | AX8: 1 | AY8: 3 | AZ8: 2 | BA8: 3 | BB8: =SUM(AP8:BA8) -> 28 | BC8: 1 | BD8: 1 | BE8: 2 | BF8: 3 | BG8: 1 | BH8: 1 | BI8: 2 | BJ8: 3 | BK8: =SUM(BC8:BJ8) -> 14 | BL8: 2 | BM8: 1 | BN8: 3 | BO8: 2 | BP8: 3 | BQ8: 2 | BR8: 3 | BS8: =SUM(BL8:BR8) -> 16 | BV8: =SUM(AO8+BK8+BS8+BB8) -> 83 | BW8: =IF(BV8<=0,"",IF(BV8<=56,"INICIO",IF(BV8<=83,"PROCESO",IF(BV8<=111,"LOGRADO","")))) -> PROCESO | CB8: IEE EN NIVEL LOGRADO | CC8: =COUNTIF($BW$4:$BW$33,"LOGRADO") -> 22 | CD8: =CC8/COUNTA($BW$4:$BW$32) -> 0.75862069
A9: 6 | B9: GRAL. FELIPE SANTIAGO SALAVERRY | C9: 0340463 | D9: O3 | E9: 11 | F9: 46136 | G9: 6 | H9: 154 | I9: 14 | J9: NO | K9: 1 | L9: 1 | M9: JUAN EDUARDO SALVADOR GLORIA | N9: 31642458 | O9: 948417403 | P9: DESIGNADO | Q9: jsalvadorgloria@gmail.com | W9: SI | X9: SI | Y9: NO | AA9: SI | AB9: SI | AC9: SI | AE9: 3 | AF9: 2 | AG9: 2 | AH9: 3 | AI9: 2 | AJ9: 3 | AK9: 3 | AL9: 3 | AM9: 3 | AN9: 3 | AO9: =SUM(AE9:AN9) -> 27 | AP9: 3 | AQ9: 2 | AR9: 3 | AS9: 2 | AT9: 3 | AU9: 2 | AV9: 2 | AW9: 3 | AX9: 2 | AY9: 3 | AZ9: 3 | BA9: 3 | BB9: =SUM(AP9:BA9) -> 31 | BC9: 2 | BD9: 1 | BE9: 3 | BF9: 3 | BG9: 2 | BH9: 2 | BI9: 3 | BJ9: 3 | BK9: =SUM(BC9:BJ9) -> 19 | BL9: 3 | BM9: 3 | BN9: 3 | BO9: 3 | BS9: =SUM(BL9:BR9) -> 12 | BV9: =SUM(AO9+BK9+BS9+BB9) -> 89 | BW9: =IF(BV9<=0,"",IF(BV9<=56,"INICIO",IF(BV9<=83,"PROCESO",IF(BV9<=111,"LOGRADO","")))) -> LOGRADO
A10: 7 | B10: BARTOLOMÉ HERRERA | C10: 0334699 | D10: O3 | E10: 16 | F10: 46141 | G10: 27 | H10: 685 | I10: 54 | J10: NO | K10: 5 | L10: 2 | M10: ANA MARIA CAMINO CALDERON | N10: 25592353 | O10: 991110631 | P10: DESIGNADO | Q10: anacaminocal@gmail.com | R10: DAVID VILLEGAS ROJAS | S10: 04080018 | T10: 972678925 | U10: DESIGNADO | V10: david.villegasrojas608@gmail.com | W10: SI | X10: NO | Y10: SI | AA10: SI | AB10: SI | AC10: SI | AE10: 2 | AF10: 1 | AG10: 1 | AH10: 3 | AI10: 3 | AJ10: 3 | AK10: 3 | AL10: 3 | AM10: 2 | AN10: 3 | AO10: =SUM(AE10:AN10) -> 24 | AP10: 3 | AQ10: 3 | AR10: 3 | AS10: 3 | AT10: 2 | AU10: 2 | AV10: 2 | AW10: 3 | AX10: 2 | AY10: 3 | AZ10: 3 | BA10: 3 | BB10: =SUM(AP10:BA10) -> 32 | BC10: 2 | BD10: 2 | BE10: 3 | BF10: 3 | BG10: 2 | BH10: 2 | BI10: 3 | BJ10: 3 | BK10: =SUM(BC10:BJ10) -> 20 | BL10: 3 | BM10: 3 | BN10: 3 | BO10: 3 | BP10: 3 | BQ10: 3 | BR10: 3 | BS10: =SUM(BL10:BR10) -> 21 | BV10: =SUM(AO10+BK10+BS10+BB10) -> 97 | BW10: =IF(BV10<=0,"",IF(BV10<=56,"INICIO",IF(BV10<=83,"PROCESO",IF(BV10<=111,"LOGRADO","")))) -> LOGRADO
A11: 8 | B11: ISABELA LA CATOLICA | C11: 0245662 | D11: O3 | E11: 11 | F11: 46140 | G11: 25 | H11: 794 | I11: 51 | J11: NO | K11: 5 | M11: MAITE FANNY MACHARE GONZALES | N11: 15713953 | O11: 981849982 | P11: ENCARGADA | Q11: maitem1104@gmail.com | R11: KATTY HERRERA LÓPEZ | S11: 08419961 | T11: 989839235 | U11: DESIGNADO | V11: katty.herrera@ilar.edu.pe | W11: SI | X11: SI | Y11: NO | AA11: SI | AB11: SI | AC11: SI | AE11: 3 | AF11: 3 | AG11: 2 | AH11: 3 | AI11: 3 | AJ11: 3 | AK11: 3 | AL11: 3 | AM11: 2 | AN11: 3 | AO11: =SUM(AE11:AN11) -> 28 | AP11: 3 | AQ11: 1 | AR11: 2 | AS11: 3 | AT11: 3 | AU11: 2 | AV11: 1 | AW11: 3 | AX11: 1 | AY11: 3 | AZ11: 3 | BA11: 3 | BB11: =SUM(AP11:BA11) -> 28 | BC11: 2 | BD11: 1 | BE11: 2 | BF11: 3 | BG11: 2 | BH11: 2 | BI11: 3 | BJ11: 3 | BK11: =SUM(BC11:BJ11) -> 18 | BL11: 1 | BM11: 2 | BN11: 3 | BO11: 3 | BS11: =SUM(BL11:BR11) -> 9 | BV11: =SUM(AO11+BK11+BS11+BB11) -> 83 | BW11: =IF(BV11<=0,"",IF(BV11<=56,"INICIO",IF(BV11<=83,"PROCESO",IF(BV11<=111,"LOGRADO","")))) -> PROCESO
A12: 9 | B12: REPUBLICA DE CHILE | C12: 0644690 | D12: O3 | E12: 12 | F12: 46142 | G12: 15 | H12: 331 | I12: 34 | J12: SI | K12: 3 | L12: 1 | M12: GLADYS AMELIA GARCÍA LOZANO | N12: 05461676 | O12: 981336985 | P12: DESIGNADO | Q12: ggarciaamelia1@gmail.com | R12: FAUSTINO JARUPE YAMPATE | S12: 21546879 | T12: 958619058 | U12: DESIGNADO | V12: jarukey@hotmail.com | W12: SI | X12: SI | Y12: SI | Z12: SI | AA12: SI | AB12: SI | AC12: SI | AE12: 3 | AF12: 2 | AG12: 2 | AH12: 3 | AI12: 3 | AK12: 3 | AL12: 3 | AM12: 2 | AN12: 3 | AO12: =SUM(AE12:AN12) -> 24 | AP12: 3 | AQ12: 2 | AR12: 3 | AS12: 3 | AT12: 2 | AU12: 2 | AV12: 2 | AW12: 3 | AX12: 2 | AY12: 3 | AZ12: 3 | BA12: 3 | BB12: =SUM(AP12:BA12) -> 31 | BC12: 2 | BD12: 2 | BE12: 3 | BF12: 2 | BG12: 1 | BH12: 1 | BI12: 3 | BJ12: 3 | BK12: =SUM(BC12:BJ12) -> 17 | BL12: 3 | BM12: 3 | BN12: 3 | BO12: 2 | BP12: 3 | BQ12: 3 | BR12: 3 | BS12: =SUM(BL12:BR12) -> 20 | BV12: =SUM(AO12+BK12+BS12+BB12) -> 92 | BW12: =IF(BV12<=0,"",IF(BV12<=56,"INICIO",IF(BV12<=83,"PROCESO",IF(BV12<=111,"LOGRADO","")))) -> LOGRADO
A13: 10 | B13: 1157 JULIO CESAR TELLO | C13: 0763771 | D13: O3 | E13: 5 | F13: 46135 | G13: 14 | H13: 304 | I13: 32 | J13: NO | K13: 3 | L13: 1 | M13: GLORIA M. AVALOS VERA | N13: 21790551 | O13: 920233374 | P13: DESIGNADO | Q13: gloriamal2023@gmail.com | R13: EDWARD A. SOLIS PALOMINO | S13: 09431612 | T13: 989984926 | U13: ENCARGADO | V13: edolis@julioctello.edu.pe | W13: SI | X13: SI | Y13: SI | AA13: SI | AB13: SI | AC13: SI | AE13: 2 | AF13: 2 | AG13: 1 | AH13: 3 | AJ13: 3 | AK13: 3 | AL13: 3 | AM13: 2 | AN13: 3 | AO13: =SUM(AE13:AN13) -> 22 | AQ13: 2 | AR13: 3 | AS13: 3 | AT13: 3 | AU13: 3 | AV13: 1 | AW13: 3 | AX13: 2 | AY13: 3 | AZ13: 3 | BA13: 2 | BB13: =SUM(AP13:BA13) -> 28 | BC13: 2 | BD13: 1 | BE13: 3 | BF13: 3 | BG13: 1 | BH13: 1 | BI13: 3 | BJ13: 3 | BK13: =SUM(BC13:BJ13) -> 17 | BL13: 3 | BM13: 3 | BN13: 3 | BO13: 3 | BP13: 3 | BQ13: 1 | BR13: 1 | BS13: =SUM(BL13:BR13) -> 17 | BV13: =SUM(AO13+BK13+BS13+BB13) -> 84 | BW13: =IF(BV13<=0,"",IF(BV13<=56,"INICIO",IF(BV13<=83,"PROCESO",IF(BV13<=111,"LOGRADO","")))) -> LOGRADO
A14: 11 | B14: 105 PEDRO CORONADO ARRASCUE | C14: 0336511 | D14: 03 | E14: 4 | F14: 46124 | G14: 10 | H14: 254 | I14: 23 | J14: NO | K14: 2 | L14: 1 | M14: MARINO HUISA JURICHAQUI | N14: 21123448 | O14: 978288015 | P14: ENCARGADA | Q14: huisa2525@gmail.com | R14: JAVIER ANTONIO PEVES LOZANO | S14: 15433364 | T14: 987295469 | U14: DESIGNADO | V14: javpevloz@hotmail.es | W14: SI | X14: SI | Y14: SI | AA14: SI | AB14: SI | AC14: SI | AE14: 3 | AF14: 3 | AG14: 3 | AH14: 2 | AI14: 3 | AJ14: 3 | AK14: 3 | AL14: 3 | AM14: 2 | AN14: 3 | AO14: =SUM(AE14:AN14) -> 28 | AP14: 3 | AQ14: 2 | AR14: 3 | AS14: 3 | AT14: 1 | AU14: 2 | AV14: 2 | AW14: 3 | AX14: 1 | AY14: 3 | AZ14: 2 | BA14: 2 | BB14: =SUM(AP14:BA14) -> 27 | BC14: 2 | BD14: 2 | BE14: 2 | BF14: 2 | BG14: 2 | BH14: 2 | BI14: 2 | BJ14: 2 | BK14: =SUM(BC14:BJ14) -> 16 | BL14: 3 | BM14: 3 | BN14: 3 | BO14: 3 | BP14: 3 | BQ14: 2 | BR14: 3 | BS14: =SUM(BL14:BR14) -> 20 | BV14: =SUM(AO14+BK14+BS14+BB14) -> 91 | BW14: =IF(BV14<=0,"",IF(BV14<=56,"INICIO",IF(BV14<=83,"PROCESO",IF(BV14<=111,"LOGRADO","")))) -> LOGRADO
A15: 12 | B15: TUPAC AMARU | C15: 0340364 | D15: O3 | E15: 3 | G15: 19 | H15: 540 | I15: 38 | J15: NO | K15: 3 | L15: 1 | M15: MARITZA ORÉ GOMEZ | N15: 09769727 | O15: 960536634 | P15: DESIGNADO | Q15: oregomezmaritza4619@gmail.com | R15: MARIA ESTELA MARTINEZ RAMOS | S15: 09989228 | T15: 955739796 | U15: DESIGNADO | V15: mmartinezalis7@gmail.com | W15: SI | X15: SI | Y15: NO | AA15: SI | AB15: SI | AC15: SI | AE15: 3 | AF15: 3 | AG15: 3 | AH15: 2 | AI15: 3 | AJ15: 3 | AK15: 3 | AL15: 3 | AM15: 2 | AN15: 3 | AO15: =SUM(AE15:AN15) -> 28 | AP15: 3 | AQ15: 2 | AR15: 3 | AS15: 3 | AT15: 1 | AU15: 3 | AV15: 2 | AW15: 3 | AX15: 2 | AY15: 3 | AZ15: 2 | BA15: 3 | BB15: =SUM(AP15:BA15) -> 30 | BC15: 2 | BD15: 2 | BE15: 2 | BF15: 2 | BG15: 2 | BH15: 3 | BI15: 2 | BJ15: 3 | BK15: =SUM(BC15:BJ15) -> 18 | BL15: 2 | BM15: 3 | BN15: 3 | BO15: 3 | BP15: 3 | BQ15: 3 | BR15: 3 | BS15: =SUM(BL15:BR15) -> 20 | BV15: =SUM(AO15+BK15+BS15+BB15) -> 96 | BW15: =IF(BV15<=0,"",IF(BV15<=56,"INICIO",IF(BV15<=83,"PROCESO",IF(BV15<=111,"LOGRADO","")))) -> LOGRADO
A16: 13 | B16: ROSA DOMINGA PEREZ LLENDO | C16: 0340398 | D16: O3 | E16: 11 | F16: 46149 | G16: 11 | H16: 256 | I16: 23 | J16: NO | K16: 2 | L16: 1 | M16: ELVA MILAGROS MUÑOZ TUESTA | N16: 25776879 | O16: 955093482 | P16: NOMBRADO | Q16: emuñoz@ierosaperezliendo.edu.pe | R16: JUANA MARIA AQUILE MUÑOZ | S16: 07367111 | T16: 991216508 | U16: DESIGNADO | V16: jaquije@ierosaperezliendo.edu.pe | W16: SI | X16: SI | Y16: NO | AA16: SI | AB16: SI | AC16: SI | AE16: 2 | AF16: 1 | AG16: 2 | AH16: 3 | AI16: 2 | AJ16: 3 | AK16: 3 | AL16: 3 | AM16: 3 | AN16: 3 | AO16: =SUM(AE16:AN16) -> 25 | AP16: 3 | AQ16: 2 | AR16: 3 | AS16: 3 | AT16: 1 | AU16: 2 | AV16: 2 | AW16: 3 | AX16: 2 | AY16: 3 | AZ16: 3 | BA16: 3 | BB16: =SUM(AP16:BA16) -> 30 | BC16: 2 | BD16: 2 | BE16: 3 | BF16: 3 | BG16: 1 | BH16: 2 | BI16: 3 | BJ16: 2 | BK16: =SUM(BC16:BJ16) -> 18 | BL16: 2 | BM16: 3 | BN16: 3 | BO16: 3 | BP16: 3 | BQ16: 2 | BR16: 2 | BS16: =SUM(BL16:BR16) -> 18 | BV16: =SUM(AO16+BK16+BS16+BB16) -> 91 | BW16: =IF(BV16<=0,"",IF(BV16<=56,"INICIO",IF(BV16<=83,"PROCESO",IF(BV16<=111,"LOGRADO","")))) -> LOGRADO
A17: 14 | B17: 0099 OSCAR MIRO QUESADA DE LA GUERRA | C17: 0644880 | D17: 03 | E17: 2 | F17: 46153 | G17: 6 | H17: 105 | J17: NO | K17: 1 | L17: 1 | M17: AMME LEANDRO DE LOS REYES | N17: 07299756 | O17: 998099606 | P17: ENCARGADO | Q17: amme.leandro20@gmail.com | W17: SI | X17: SI | Y17: SI | AA17: SI | AB17: SI | AC17: SI | AE17: 2 | AF17: 3 | AG17: 2 | AH17: 3 | AI17: 2 | AJ17: 3 | AK17: 3 | AL17: 3 | AM17: 3 | AN17: 3 | AO17: =SUM(AE17:AN17) -> 27 | AP17: 3 | AQ17: 1 | AR17: 2 | AS17: 3 | AT17: 1 | AU17: 2 | AV17: 2 | AW17: 3 | AX17: 1 | AY17: 3 | AZ17: 3 | BA17: 2 | BB17: =SUM(AP17:BA17) -> 26 | BC17: 2 | BD17: 3 | BE17: 1 | BF17: 1 | BG17: 2 | BH17: 3 | BI17: 2 | BJ17: 3 | BK17: =SUM(BC17:BJ17) -> 17 | BL17: 2 | BM17: 2 | BN17: 3 | BO17: 3 | BP17: 3 | BQ17: 2 | BR17: 3 | BS17: =SUM(BL17:BR17) -> 18 | BV17: =SUM(AO17+BK17+BS17+BB17) -> 88 | BW17: =IF(BV17<=0,"",IF(BV17<=56,"INICIO",IF(BV17<=83,"PROCESO",IF(BV17<=111,"LOGRADO","")))) -> LOGRADO
A18: 15 | B18: 103 LUIS ARMANDO CABELLO HURTADO | C18: 09961091 | D18: 03 | E18: 3 | F18: 46153 | G18: 12 | H18: 3 | J18: NO | K18: 1 | L18: 1 | M18: CESAR ANIBAL MANCO DE LA CRUZ | N18: 09961091 | O18: 969714910 | P18: DESIGNADO | Q18: manco1307@hotmail.com | R18: NELY BETTY VARA QUISPE | S18: 09425758 | T18: 944234762 | U18: ENCARGADA | V18: nelibetty13@gmail.com | W18: SI | X18: NO | Y18: SI | AA18: SI | AB18: SI | AC18: SI | AE18: 2 | AF18: 3 | AG18: 2 | AH18: 2 | AI18: 3 | AJ18: 3 | AK18: 3 | AL18: 3 | AM18: 3 | AN18: 3 | AO18: =SUM(AE18:AN18) -> 27 | AP18: 3 | AQ18: 1 | AR18: 2 | AS18: 3 | AT18: 2 | AU18: 3 | AV18: 1 | AW18: 2 | AX18: 1 | AY18: 3 | AZ18: 3 | BA18: 2 | BB18: =SUM(AP18:BA18) -> 26 | BC18: 2 | BD18: 3 | BE18: 2 | BF18: 2 | BG18: 2 | BH18: 3 | BI18: 2 | BJ18: 2 | BK18: =SUM(BC18:BJ18) -> 18 | BL18: 1 | BM18: 1 | BN18: 3 | BO18: 3 | BP18: 1 | BQ18: 1 | BR18: 1 | BS18: =SUM(BL18:BR18) -> 11 | BV18: =SUM(AO18+BK18+BS18+BB18) -> 82 | BW18: =IF(BV18<=0,"",IF(BV18<=56,"INICIO",IF(BV18<=83,"PROCESO",IF(BV18<=111,"LOGRADO","")))) -> PROCESO
A19: 16 | B19: NUESTRA SEÑORA DE GUADALUPE | D19: O3 | E19: 3 | F19: 46153 | G19: 50 | J19: NO | K19: 5 | M19: HILMER CARLOS MARCHAN CAZ | N19: 22719729 | O19: 988313929 | P19: DESIGNADO | Q19: marchi5@hotmail.com | W19: SI | X19: SI | Y19: SI | AA19: SI | AB19: SI | AC19: SI | AE19: 2 | AF19: 2 | AG19: 2 | AH19: 2 | AI19: 3 | AJ19: 3 | AK19: 3 | AL19: 2 | AM19: 2 | AN19: 3 | AO19: =SUM(AE19:AN19) -> 24 | AP19: 2 | AQ19: 2 | AR19: 2 | AS19: 3 | AT19: 3 | AU19: 3 | AV19: 3 | AW19: 3 | AX19: 2 | AY19: 3 | AZ19: 3 | BA19: 2 | BB19: =SUM(AP19:BA19) -> 31 | BC19: 2 | BD19: 3 | BE19: 2 | BF19: 2 | BG19: 1 | BH19: 3 | BI19: 2 | BJ19: 3 | BK19: =SUM(BC19:BJ19) -> 18 | BL19: 2 | BM19: 3 | BN19: 3 | BO19: 3 | BP19: 3 | BQ19: 3 | BR19: 3 | BS19: =SUM(BL19:BR19) -> 20 | BV19: =SUM(AO19+BK19+BS19+BB19) -> 93 | BW19: =IF(BV19<=0,"",IF(BV19<=56,"INICIO",IF(BV19<=83,"PROCESO",IF(BV19<=111,"LOGRADO","")))) -> LOGRADO
A20: 17 | B20: PEDRO GALEZ EGUSQUIZA | C20: 0334680 | D20: 03 | E20: 6 | F20: 46155 | G20: 11 | H20: 274 | J20: NO | K20: 2 | L20: 1 | M20: ALEJANDRO VIVIANO TUMBAY | N20: 40656140 | O20: 976160693 | P20: DESIGNADO | Q20: ebr.pge@ugel03.edu.pe | R20: DIEGO PORTILLO MIRANDA | S20: 42167124 | T20: 981206942 | U20: DESIGNADO | V20: d42167124o@perueduca.edu.pe | W20: SI | X20: SI | Y20: SI | AA20: SI | AB20: SI | AC20: SI | AE20: 3 | AF20: 2 | AG20: 3 | AH20: 3 | AI20: 3 | AJ20: 3 | AK20: 3 | AL20: 3 | AM20: 3 | AN20: 3 | AO20: =SUM(AE20:AN20) -> 29 | AP20: 3 | AQ20: 3 | AR20: 3 | AS20: 3 | AT20: 1 | AU20: 3 | AV20: 2 | AW20: 3 | AX20: 1 | AY20: 3 | AZ20: 3 | BA20: 3 | BB20: =SUM(AP20:BA20) -> 31 | BC20: 2 | BD20: 3 | BE20: 2 | BF20: 2 | BG20: 1 | BH20: 2 | BI20: 1 | BJ20: 1 | BK20: =SUM(BC20:BJ20) -> 14 | BL20: 3 | BM20: 3 | BN20: 3 | BO20: 3 | BP20: 3 | BQ20: 3 | BR20: 3 | BS20: =SUM(BL20:BR20) -> 21 | BV20: =SUM(AO20+BK20+BS20+BB20) -> 95 | BW20: =IF(BV20<=0,"",IF(BV20<=56,"INICIO",IF(BV20<=83,"PROCESO",IF(BV20<=111,"LOGRADO","")))) -> LOGRADO
A21: 18 | B21: MICAELA BASTIDAS | C21: 0334714 | D21: O3 | F21: 46155 | G21: 7 | H21: 222 | I21: 16 | J21: NO | K21: 1 | L21: 1 | M21: CESAR AUGUSTO LA ROSA TIMOTEO | N21: 09584464 | O21: 967416204 | P21: DESIGNADO | Q21: csoral13@gmail.com | W21: SI | X21: SI | Y21: SI | AA21: SI | AB21: SI | AC21: SI | AE21: 2 | AF21: 2 | AG21: 2 | AH21: 2 | AI21: 3 | AJ21: 3 | AK21: 3 | AL21: 2 | AM21: 3 | AN21: 3 | AO21: =SUM(AE21:AN21) -> 25 | AP21: 3 | AQ21: 1 | AR21: 1 | AS21: 1 | AT21: 1 | AU21: 1 | AV21: 1 | AW21: 2 | AX21: 1 | AY21: 3 | AZ21: 1 | BA21: 2 | BB21: =SUM(AP21:BA21) -> 18 | BC21: 2 | BD21: 3 | BE21: 3 | BF21: 2 | BG21: 1 | BH21: 1 | BI21: 2 | BJ21: 3 | BK21: =SUM(BC21:BJ21) -> 17 | BL21: 3 | BM21: 3 | BN21: 3 | BO21: 3 | BP21: 3 | BQ21: 3 | BR21: 2 | BS21: =SUM(BL21:BR21) -> 20 | BV21: =SUM(AO21+BK21+BS21+BB21) -> 80 | BW21: =IF(BV21<=0,"",IF(BV21<=56,"INICIO",IF(BV21<=83,"PROCESO",IF(BV21<=111,"LOGRADO","")))) -> PROCESO
A22: 19 | B22: MARIANO MELGAR | C22: 0334664 | D22: O3 | E22: 8 | F22: 46155 | G22: 40 | J22: SI | K22: 8 | L22: 1 | M22: EDGARD NOLAZCO RIVAS | N22: 15356512 | O22: 998455178 | P22: DESIGNADO | Q22: eanr510@gmail.com | R22: JUAN CARLOS APARCANA | S22: 06269444 | T22: 974977303 | U22: DESIGNADO | V22: jcaparacanareinoso@gmail.com | W22: SI | X22: NO | Y22: SI | Z22: SI | AA22: SI | AB22: SI | AC22: SI | AE22: 3 | AF22: 3 | AG22: 3 | AH22: 3 | AI22: 3 | AJ22: 3 | AK22: 3 | AL22: 3 | AM22: 3 | AN22: 3 | AO22: =SUM(AE22:AN22) -> 30 | AP22: 3 | AQ22: 2 | AR22: 3 | AS22: 3 | AT22: 2 | AU22: 2 | AV22: 1 | AW22: 3 | AX22: 3 | AY22: 3 | AZ22: 3 | BA22: 2 | BB22: =SUM(AP22:BA22) -> 30 | BC22: 2 | BD22: 2 | BE22: 2 | BF22: 3 | BG22: 2 | BH22: 3 | BI22: 2 | BJ22: 3 | BK22: =SUM(BC22:BJ22) -> 19 | BL22: 3 | BM22: 3 | BN22: 3 | BO22: 3 | BP22: 3 | BQ22: 3 | BR22: 3 | BS22: =SUM(BL22:BR22) -> 21 | BV22: =SUM(AO22+BK22+BS22+BB22) -> 100 | BW22: =IF(BV22<=0,"",IF(BV22<=56,"INICIO",IF(BV22<=83,"PROCESO",IF(BV22<=111,"LOGRADO","")))) -> LOGRADO
A23: 20 | B23: DIEGO FERRE | C23: 0601462 | D23: O3 | E23: 13 | F23: 46154 | G23: 11 | H23: 300 | I23: 24 | J23: NO | K23: 2 | L23: 1 | M23: CARMEN YSABEL GONZALES PEÑA | N23: 21528564 | P23: DESIGNADO | Q23: carysagonzales@gmail.com | R23: KETTY ROSALES CHIPANA | S23: 09887207 | T23: 984153262 | U23: ASIGNADO | V23: rosaleskettymary@gmail.com | W23: SI | X23: SI | Y23: NO | AA23: SI | AB23: SI | AC23: SI | AE23: 2 | AF23: 1 | AG23: 1 | AH23: 2 | AI23: 1 | AJ23: 3 | AK23: 3 | AL23: 3 | AM23: 3 | AN23: 3 | AO23: =SUM(AE23:AN23) -> 22 | AP23: 2 | AQ23: 1 | AR23: 3 | AS23: 3 | AT23: 2 | AU23: 2 | AV23: 1 | AW23: 3 | AX23: 1 | AY23: 3 | AZ23: 2 | BA23: 3 | BB23: =SUM(AP23:BA23) -> 26 | BC23: 3 | BD23: 3 | BE23: 3 | BF23: 2 | BG23: 1 | BH23: 1 | BI23: 1 | BJ23: 1 | BK23: =SUM(BC23:BJ23) -> 15 | BL23: 3 | BM23: 3 | BN23: 3 | BO23: 3 | BP23: 1 | BQ23: 1 | BR23: 1 | BS23: =SUM(BL23:BR23) -> 15 | BV23: =SUM(AO23+BK23+BS23+BB23) -> 78 | BW23: =IF(BV23<=0,"",IF(BV23<=56,"INICIO",IF(BV23<=83,"PROCESO",IF(BV23<=111,"LOGRADO","")))) -> PROCESO
A24: 21 | B24: 0003 NUESTRA SEÑORA DEL CARMEN | D24: O3 | E24: 16 | F24: 46156 | G24: 10 | J24: NO | K24: 3 | M24: YOLANDA JEANELLE VILLANUEVA ESPINOZA | N24: 04072228 | O24: 947565553 | P24: DESIGNADO | Q24: janetvillanueva141072@gmail.com | R24: CARLOS RAMOS TREJO | S24: 22894646 | T24: 999995889 | U24: DESIGNADO | V24: carlosramostrejo@iensc.net | W24: SI | X24: SI | Y24: SI | AA24: SI | AB24: SI | AC24: SI | AE24: 2 | AF24: 2 | AG24: 1 | AH24: 3 | AI24: 3 | AJ24: 3 | AK24: 3 | AL24: 3 | AM24: 3 | AN24: 3 | AO24: =SUM(AE24:AN24) -> 26 | AP24: 3 | AQ24: 2 | AR24: 3 | AS24: 3 | AT24: 3 | AU24: 3 | AV24: 2 | AW24: 3 | AX24: 1 | AY24: 3 | AZ24: 3 | BA24: 3 | BB24: =SUM(AP24:BA24) -> 32 | BC24: 2 | BD24: 3 | BE24: 3 | BF24: 3 | BG24: 2 | BH24: 3 | BI24: 2 | BJ24: 3 | BK24: =SUM(BC24:BJ24) -> 21 | BL24: 3 | BM24: 3 | BN24: 3 | BO24: 3 | BP24: 3 | BQ24: 3 | BR24: 3 | BS24: =SUM(BL24:BR24) -> 21 | BV24: =SUM(AO24+BK24+BS24+BB24) -> 100 | BW24: =IF(BV24<=0,"",IF(BV24<=56,"INICIO",IF(BV24<=83,"PROCESO",IF(BV24<=111,"LOGRADO","")))) -> LOGRADO
A25: 22 | B25: GRAL ROQUE SAENZ PEÑA | C25: 0336636 | D25: O3 | E25: 16 | F25: 46156 | G25: 10 | I25: 19 | J25: NO | K25: 3 | M25: MARIA MERCEDES PACHAS REQUENA | N25: 21862178 | O25: 998667335 | P25: DESIGNADO | Q25: pachasmaria.17@gmail.com | W25: SI | X25: SI | Y25: SI | AA25: SI | AB25: SI | AC25: SI | AE25: 2 | AF25: 3 | AG25: 1 | AH25: 3 | AI25: 2 | AJ25: 3 | AK25: 3 | AL25: 3 | AM25: 3 | AN25: 3 | AO25: =SUM(AE25:AN25) -> 26 | AP25: 3 | AQ25: 2 | AR25: 3 | AS25: 3 | AT25: 3 | AU25: 3 | AV25: 2 | AW25: 3 | AX25: 1 | AY25: 3 | AZ25: 3 | BA25: 3 | BB25: =SUM(AP25:BA25) -> 32 | BC25: 1 | BD25: 2 | BE25: 1 | BF25: 1 | BG25: 1 | BH25: 1 | BI25: 1 | BJ25: 1 | BK25: =SUM(BC25:BJ25) -> 9 | BL25: 1 | BM25: 1 | BN25: 1 | BO25: 1 | BP25: 3 | BQ25: 3 | BR25: 2 | BS25: =SUM(BL25:BR25) -> 12 | BV25: =SUM(AO25+BK25+BS25+BB25) -> 79 | BW25: =IF(BV25<=0,"",IF(BV25<=56,"INICIO",IF(BV25<=83,"PROCESO",IF(BV25<=111,"LOGRADO","")))) -> PROCESO
A26: 23 | B26: MIGUEL GRAU | C26: 0245670 | D26: O3 | E26: 15 | F26: 46157 | G26: 30 | I26: 61 | J26: NO | K26: 5 | L26: 2 | M26: OSCAR TELLO RODRIGUEZ | N26: 19802658 | O26: 941700398 | Q26: __@ieemiguelgrau.ed.pe | R26: MARCELA CALDERON RODRIGUEZ | S26: 06773532 | T26: 941986354 | W26: SI | X26: SI | Y26: SI | AA26: SI | AB26: SI | AC26: SI | AE26: 3 | AF26: 3 | AG26: 3 | AH26: 3 | AI26: 3 | AJ26: 3 | AK26: 3 | AL26: 3 | AM26: 2 | AN26: 3 | AO26: =SUM(AE26:AN26) -> 29 | AP26: 3 | AQ26: 2 | AR26: 3 | AS26: 3 | AT26: 3 | AU26: 3 | AV26: 2 | AW26: 3 | AX26: 1 | AY26: 3 | AZ26: 3 | BA26: 3 | BB26: =SUM(AP26:BA26) -> 32 | BC26: 2 | BD26: 3 | BE26: 3 | BF26: 2 | BG26: 2 | BH26: 3 | BI26: 2 | BJ26: 3 | BK26: =SUM(BC26:BJ26) -> 20 | BL26: 2 | BM26: 3 | BN26: 3 | BO26: 3 | BP26: 3 | BQ26: 3 | BR26: 3 | BS26: =SUM(BL26:BR26) -> 20 | BV26: =SUM(AO26+BK26+BS26+BB26) -> 101 | BW26: =IF(BV26<=0,"",IF(BV26<=56,"INICIO",IF(BV26<=83,"PROCESO",IF(BV26<=111,"LOGRADO","")))) -> LOGRADO
A27: 24 | B27: HIPOLOTO UNANUE | C27: 0334656 | D27: O3 | E27: 6 | F27: 46157 | G27: 37 | H27: 895 | I27: 87 | J27: SI | K27: 6 | L27: 2 | M27: MARIA LOZANO GUERRA | N27: 15370909 | O27: 964029716 | P27: DESIGNADO | Q27: maria-loguerra.@gmail.com | R27: RUTH MILAGROS LINO TUPIÑA | S27: 06277909 | T27: 954426913 | U27: DESIGNADO | V27: ruthlino2016@gmail.com | W27: SI | X27: NO | Y27: NO | Z27: SI | AA27: SI | AB27: SI | AC27: SI | AE27: 3 | AF27: 2 | AG27: 3 | AH27: 3 | AI27: 3 | AJ27: 3 | AK27: 3 | AL27: 3 | AM27: 3 | AN27: 3 | AO27: =SUM(AE27:AN27) -> 29 | AP27: 3 | AQ27: 3 | AR27: 3 | AS27: 3 | AT27: 3 | AU27: 3 | AV27: 2 | AW27: 3 | AX27: 3 | AY27: 3 | AZ27: 3 | BA27: 3 | BB27: =SUM(AP27:BA27) -> 35 | BC27: 2 | BD27: 3 | BE27: 2 | BF27: 3 | BG27: 2 | BH27: 2 | BI27: 2 | BJ27: 3 | BK27: =SUM(BC27:BJ27) -> 19 | BL27: 2 | BM27: 3 | BN27: 3 | BO27: 3 | BP27: 3 | BQ27: 3 | BR27: 3 | BS27: =SUM(BL27:BR27) -> 20 | BV27: =SUM(AO27+BK27+BS27+BB27) -> 103 | BW27: =IF(BV27<=0,"",IF(BV27<=56,"INICIO",IF(BV27<=83,"PROCESO",IF(BV27<=111,"LOGRADO","")))) -> LOGRADO
A28: 25 | B28: MELITON CARVAJAL | C28: 0245647 | D28: O3 | E28: 12 | F28: 46160 | G28: 35 | H28: 1035 | I28: 81 | J28: SI | K28: 7 | L28: 2 | M28: CONSUYELO ELIZABETH SOTO MEZA | N28: 09564831 | O28: 955826181 | P28: DESIGNADO | Q28: consesm@yahoo.es | R28: FAVIA ELVIRA SALAZAR GUTIERREZ | S28: 09564831 | T28: 955826181 | U28: NOMBRADA | V28: favicep@gmail.com | W28: SI | X28: SI | Y28: SI | Z28: SI | AA28: SI | AB28: SI | AC28: SI | AE28: 3 | AF28: 3 | AG28: 3 | AH28: 3 | AI28: 3 | AJ28: 3 | AK28: 3 | AL28: 3 | AM28: 3 | AN28: 3 | AO28: =SUM(AE28:AN28) -> 30 | AP28: 3 | AQ28: 2 | AR28: 3 | AS28: 3 | AT28: 3 | AU28: 3 | AV28: 3 | AW28: 3 | AX28: 2 | AY28: 3 | AZ28: 3 | BA28: 3 | BB28: =SUM(AP28:BA28) -> 34 | BC28: 2 | BD28: 3 | BE28: 2 | BF28: 2 | BG28: 2 | BH28: 3 | BI28: 2 | BJ28: 3 | BK28: =SUM(BC28:BJ28) -> 19 | BL28: 3 | BM28: 3 | BN28: 3 | BO28: 3 | BP28: 3 | BQ28: 3 | BR28: 3 | BS28: =SUM(BL28:BR28) -> 21 | BV28: =SUM(AO28+BK28+BS28+BB28) -> 104 | BW28: =IF(BV28<=0,"",IF(BV28<=56,"INICIO",IF(BV28<=83,"PROCESO",IF(BV28<=111,"LOGRADO","")))) -> LOGRADO
A29: 26 | B29: 1071 ALFONSO UGARTE | C29: 0340224 | D29: O3 | E29: 12 | F29: 46160 | G29: 40 | H29: 1182 | I29: 80 | J29: NO | K29: 6 | L29: 2 | R29: CARMEN ROSA PANTA ALNOMENTE | S29: 10276419 | T29: 971260811 | U29: DESIGNADO | W29: SI | X29: SI | Y29: SI | AA29: SI | AB29: SI | AC29: SI | AE29: 3 | AF29: 3 | AG29: 3 | AH29: 3 | AI29: 3 | AJ29: 3 | AK29: 3 | AL29: 3 | AM29: 2 | AN29: 3 | AO29: =SUM(AE29:AN29) -> 29 | AP29: 3 | AQ29: 2 | AR29: 3 | AS29: 3 | AT29: 3 | AU29: 3 | AV29: 3 | AW29: 3 | AX29: 2 | AY29: 2 | AZ29: 3 | BA29: 2 | BB29: =SUM(AP29:BA29) -> 32 | BC29: 2 | BD29: 3 | BE29: 2 | BF29: 2 | BG29: 2 | BH29: 3 | BI29: 2 | BJ29: 2 | BK29: =SUM(BC29:BJ29) -> 18 | BL29: 3 | BM29: 2 | BN29: 3 | BO29: 3 | BP29: 3 | BQ29: 2 | BR29: 3 | BS29: =SUM(BL29:BR29) -> 19 | BV29: =SUM(AO29+BK29+BS29+BB29) -> 98 | BW29: =IF(BV29<=0,"",IF(BV29<=56,"INICIO",IF(BV29<=83,"PROCESO",IF(BV29<=111,"LOGRADO","")))) -> LOGRADO
A30: 27 | B30: 0001 MARIA AUXILIADORA | C30: 0466030 | D30: O3 | E30: 1 | F30: 46161 | G30: 10 | H30: 283 | I30: 20 | J30: NO | K30: 2 | L30: 1 | M30: SOR VIRGINIA ARECHE | N30: 07956807 | O30: 933126358 | Q30: virginiaareche@cepma.edu.pe | W30: SI | X30: SI | Y30: SI | AA30: SI | AB30: SI | AC30: SI | AE30: 3 | AF30: 2 | AG30: 3 | AH30: 3 | AI30: 3 | AJ30: 3 | AK30: 3 | AL30: 3 | AM30: 3 | AN30: 3 | AO30: =SUM(AE30:AN30) -> 29 | AP30: 3 | AQ30: 2 | AR30: 3 | AS30: 2 | AT30: 2 | AU30: 3 | AV30: 2 | AW30: 3 | AX30: 2 | AY30: 3 | AZ30: 3 | BA30: 3 | BB30: =SUM(AP30:BA30) -> 31 | BC30: 2 | BD30: 3 | BE30: 2 | BF30: 3 | BG30: 2 | BH30: 3 | BI30: 2 | BJ30: 3 | BK30: =SUM(BC30:BJ30) -> 20 | BL30: 3 | BM30: 3 | BN30: 3 | BO30: 3 | BP30: 3 | BQ30: 3 | BR30: 2 | BS30: =SUM(BL30:BR30) -> 20 | BV30: =SUM(AO30+BK30+BS30+BB30) -> 100 | BW30: =IF(BV30<=0,"",IF(BV30<=56,"INICIO",IF(BV30<=83,"PROCESO",IF(BV30<=111,"LOGRADO","")))) -> LOGRADO
A31: 28 | B31: 022 REPUBLIZCA DE GUATEMALA | C31: 0337741 | D31: O3 | E31: 1 | F31: 46161 | M31: ZOILA MARÍA PINEDO VEGA | N31: 10435837 | O31: 933483306 | P31: ENCARGADA | Q31: zoila.docente27@gmail.com | X31: NO | Y31: SI | Z31: SI | AA31: SI | AB31: SI | AE31: 2 | AF31: 1 | AG31: 1 | AH31: 1 | AI31: 1 | AJ31: 3 | AK31: 3 | AL31: 3 | AM31: 1 | AN31: 3 | AO31: =SUM(AE31:AN31) -> 19 | AP31: 3 | AQ31: 1 | AR31: 1 | AS31: 2 | AT31: 1 | AU31: 3 | AV31: 1 | AW31: 3 | AX31: 1 | AY31: 3 | AZ31: 3 | BA31: 2 | BB31: =SUM(AP31:BA31) -> 24 | BC31: 3 | BD31: 3 | BE31: 2 | BF31: 3 | BG31: 2 | BH31: 3 | BI31: 2 | BJ31: 3 | BK31: =SUM(BC31:BJ31) -> 21 | BL31: 3 | BM31: 3 | BN31: 3 | BO31: 3 | BP31: 2 | BQ31: 2 | BR31: 2 | BS31: =SUM(BL31:BR31) -> 18 | BV31: =SUM(AO31+BK31+BS31+BB31) -> 82 | BW31: =IF(BV31<=0,"",IF(BV31<=56,"INICIO",IF(BV31<=83,"PROCESO",IF(BV31<=111,"LOGRADO","")))) -> PROCESO
A32: 29 | B32: TERESA GONZALES DE FANNING | C32: 0540492 | D32: O3 | E32: 13 | F32: 46162 | G32: 56 | H32: 1580 | I32: 115 | J32: NO | K32: 7 | L32: 2 | M32: HONORIO LOPEZ REYNA | N32: 06191791 | O32: 972517035 | P32: DESIGNADO | Q32: hlopezr@tgfefaning.edu.pe | R32: ELIZABETH CRISTINA GOYENA ARCE | S32: 09898591 | T32: 995134929 | U32: DESIGNADO | V32: iebhega@gmail.com | W32: SI | X32: NO | Y32: SI | AA32: SI | AB32: SI | AC32: SI | AE32: 3 | AF32: 3 | AG32: 2 | AH32: 3 | AI32: 2 | AJ32: 3 | AK32: 3 | AL32: 3 | AM32: 2 | AN32: 3 | AO32: =SUM(AE32:AN32) -> 27 | AP32: 3 | AQ32: 2 | AR32: 2 | AS32: 1 | AT32: 2 | AU32: 3 | AV32: 2 | AW32: 3 | AX32: 1 | AY32: 3 | AZ32: 3 | BA32: 3 | BB32: =SUM(AP32:BA32) -> 28 | BC32: 2 | BD32: 3 | BE32: 2 | BF32: 2 | BG32: 1 | BH32: 2 | BI32: 2 | BJ32: 2 | BK32: =SUM(BC32:BJ32) -> 16 | BL32: 3 | BM32: 3 | BN32: 3 | BO32: 3 | BP32: 3 | BQ32: 3 | BR32: 3 | BS32: =SUM(BL32:BR32) -> 21 | BV32: =SUM(AO32+BK32+BS32+BB32) -> 92 | BW32: =IF(BV32<=0,"",IF(BV32<=56,"INICIO",IF(BV32<=83,"PROCESO",IF(BV32<=111,"LOGRADO","")))) -> LOGRADO
A33: %TOTAL | V33: SI | W33: =COUNTIF(W4:W32,"SI") -> 28 | X33: =COUNTIF(X4:X32,"SI") -> 21 | Y33: =COUNTIF(Y4:Y32,"SI") -> 21 | Z33: =COUNTIF(Z4:Z32,"SI") -> 5 | AA33: =COUNTIF(AA4:AA32,"SI") -> 29 | AB33: =COUNTIF(AB4:AB32,"SI") -> 29 | AC33: =COUNTIF(AC4:AC32,"SI") -> 28 | AD33: Inicio | AE33: =COUNTIF(AE4:AE32,"1") -> 0 | AF33: =COUNTIF(AF4:AF32,"1") -> 4 | AG33: =COUNTIF(AG4:AG32,"1") -> 7 | AH33: =COUNTIF(AH4:AH32,"1") -> 1 | AI33: =COUNTIF(AI4:AI32,"1") -> 2 | AJ33: =COUNTIF(AJ4:AJ32,"1") -> 0 | AK33: =COUNTIF(AK4:AK32,"1") -> 0 | AL33: =COUNTIF(AL4:AL32,"1") -> 0 | ... AN33: =COUNTIF(AN4:AN32,"1") -> 0 | AP33: =COUNTIF(AP4:AP32,"1") -> 0 | AQ33: =COUNTIF(AQ4:AQ32,"1") -> 8 | AR33: =COUNTIF(AR4:AR32,"1") -> 2 | AS33: =COUNTIF(AS4:AS32,"1") -> 2 | AT33: =COUNTIF(AT4:AT32,"1") -> 7 | AU33: =COUNTIF(AU4:AU32,"1") -> 1 | AV33: =COUNTIF(AV4:AV32,"1") -> 10 | AW33: =COUNTIF(AW4:AW32,"1") -> 0 | ... BA33: =COUNTIF(BA4:BA32,"1") -> 0 | BC33: =COUNTIF(BC4:BC32,"1") -> 3 | BD33: =COUNTIF(BD4:BD32,"1") -> 5 | BE33: =COUNTIF(BE4:BE32,"1") -> 2 | BF33: =COUNTIF(BF4:BF32,"1") -> 2 | BG33: =COUNTIF(BG4:BG32,"1") -> 11 | BH33: =COUNTIF(BH4:BH32,"1") -> 8 | BI33: =COUNTIF(BI4:BI32,"1") -> 3 | BJ33: =COUNTIF(BJ4:BJ32,"1") -> 3 | BL33: =COUNTIF(BL4:BL32,"1") -> 4 | BM33: =COUNTIF(BM4:BM32,"1") -> 4 | BN33: =COUNTIF(BN4:BN32,"1") -> 1 | BO33: =COUNTIF(BO4:BO32,"1") -> 1 | BP33: =COUNTIF(BP4:BP32,"1") -> 2 | BQ33: =COUNTIF(BQ4:BQ32,"1") -> 3 | BR33: =COUNTIF(BR4:BR32,"1") -> 3
V34: NO | W34: =COUNTIF(W4:W32,"NO") -> 0 | X34: =COUNTIF(X4:X32,"NO") -> 8 | Y34: =COUNTIF(Y4:Y32,"NO") -> 8 | Z34: =COUNTIF(Z4:Z32,"NO") -> 0 | AA34: =COUNTIF(AA4:AA32,"NO") -> 0 | AB34: =COUNTIF(AB4:AB32,"NO") -> 0 | AC34: =COUNTIF(AC4:AC32,"NO") -> 0 | AD34: Proceso | AE34: =COUNTIF(AE4:AE32,"2") -> 12 | AF34: =COUNTIF(AF4:AF32,"2") -> 10 | AG34: =COUNTIF(AG4:AG32,"2") -> 11 | AH34: =COUNTIF(AH4:AH32,"2") -> 6 | AI34: =COUNTIF(AI4:AI32,"2") -> 6 | AJ34: =COUNTIF(AJ4:AJ32,"2") -> 0 | AK34: =COUNTIF(AK5:AK33,"2") -> 0 | AL34: =COUNTIF(AL5:AL33,"2") -> 3 | AM34: =COUNTIF(AM4:AM32,"2") -> 13 | AN34: =COUNTIF(AN4:AN32,"2") -> 0 | AP34: =COUNTIF(AP4:AP32,"2") -> 2 | AQ34: =COUNTIF(AQ4:AQ32,"2") -> 18 | AR34: =COUNTIF(AR4:AR32,"2") -> 5 | AS34: =COUNTIF(AS4:AS32,"2") -> 4 | AT34: =COUNTIF(AT4:AT32,"2") -> 8 | AU34: =COUNTIF(AU4:AU32,"2") -> 12 | AV34: =COUNTIF(AV4:AV32,"2") -> 16 | AW34: =COUNTIF(AW4:AW32,"2") -> 2 | ... BA34: =COUNTIF(BA4:BA32,"2") -> 10 | BC34: =COUNTIF(BC4:BC32,"2") -> 24 | BD34: =COUNTIF(BD4:BD32,"2") -> 9 | BE34: =COUNTIF(BE4:BE32,"2") -> 14 | BF34: =COUNTIF(BF4:BF32,"2") -> 13 | BG34: =COUNTIF(BG4:BG32,"2") -> 18 | BH34: =COUNTIF(BH4:BH32,"2") -> 9 | BI34: =COUNTIF(BI4:BI32,"2") -> 16 | BJ34: =COUNTIF(BJ4:BJ32,"2") -> 5 | BL34: =COUNTIF(BL4:BL32,"2") -> 7 | BM34: =COUNTIF(BM4:BM32,"2") -> 3 | BN34: =COUNTIF(BN4:BN32,"2") -> 0 | BO34: =COUNTIF(BO4:BO32,"2") -> 2 | BP34: =COUNTIF(BP4:BP32,"2") -> 1 | BQ34: =COUNTIF(BQ4:BQ32,"2") -> 6 | BR34: =COUNTIF(BR4:BR32,"2") -> 5
V35: TOTAL | W35: =+SUM(W33:W34) -> 28 | X35: =+SUM(X33:X34) -> 29 | Y35: =+SUM(Y33:Y34) -> 29 | Z35: =+SUM(Z33:Z34) -> 5 | AA35: =+SUM(AA33:AA34) -> 29 | AB35: =+SUM(AB33:AB34) -> 29 | AC35: =+SUM(AC33:AC34) -> 28 | AD35: Logrado | AE35: =COUNTIF(AE4:AE32,"3") -> 17 | AF35: =COUNTIF(AF4:AF32,"3") -> 15 | AG35: =COUNTIF(AG4:AG32,"3") -> 11 | AH35: =COUNTIF(AH4:AH32,"3") -> 22 | AI35: =COUNTIF(AI4:AI32,"3") -> 20 | AJ35: =COUNTIF(AJ4:AJ32,"3") -> 28 | AK35: =COUNTIF(AK6:AK34,"3") -> 27 | AL35: =COUNTIF(AL6:AL34,"3") -> 25 | AM35: =COUNTIF(AM4:AM32,"3") -> 15 | AN35: =COUNTIF(AN4:AN32,"3") -> 29 | AP35: =COUNTIF(AP4:AP32,"3") -> 26 | AQ35: =COUNTIF(AQ4:AQ32,"3") -> 3 | AR35: =COUNTIF(AR4:AR32,"3") -> 22 | AS35: =COUNTIF(AS4:AS32,"3") -> 23 | AT35: =COUNTIF(AT4:AT32,"3") -> 14 | AU35: =COUNTIF(AU4:AU32,"3") -> 16 | AV35: =COUNTIF(AV4:AV32,"3") -> 3 | AW35: =COUNTIF(AW4:AW32,"3") -> 27 | ... BA35: =COUNTIF(BA4:BA32,"3") -> 19 | BC35: =COUNTIF(BC4:BC32,"3") -> 2 | BD35: =COUNTIF(BD4:BD32,"3") -> 15 | BE35: =COUNTIF(BE4:BE32,"3") -> 13 | BF35: =COUNTIF(BF4:BF32,"3") -> 14 | BG35: =COUNTIF(BG4:BG32,"3") -> 0 | BH35: =COUNTIF(BH4:BH32,"3") -> 12 | BI35: =COUNTIF(BI4:BI32,"3") -> 10 | BJ35: =COUNTIF(BJ4:BJ32,"3") -> 21 | BL35: =COUNTIF(BL4:BL32,"3") -> 18 | BM35: =COUNTIF(BM4:BM32,"3") -> 22 | BN35: =COUNTIF(BN4:BN32,"3") -> 28 | BO35: =COUNTIF(BO4:BO32,"3") -> 26 | BP35: =COUNTIF(BP4:BP32,"3") -> 22 | BQ35: =COUNTIF(BQ4:BQ32,"3") -> 16 | BR35: =COUNTIF(BR4:BR32,"3") -> 17
AD36: Total | AE36: =+SUM(AE33:AE35) -> 29 | AF36: =+SUM(AF33:AF35) -> 29 | AG36: =+SUM(AG33:AG35) -> 29 | AH36: =+SUM(AH33:AH35) -> 29 | AI36: =+SUM(AI33:AI35) -> 28 | AJ36: =+SUM(AJ33:AJ35) -> 28 | AK36: =+SUM(AK33:AK35) -> 27 | AL36: =+SUM(AL33:AL35) -> 28 | ... AN36: =+SUM(AN33:AN35) -> 29 | AP36: =+SUM(AP33:AP35) -> 28 | AQ36: =+SUM(AQ33:AQ35) -> 29 | AR36: =+SUM(AR33:AR35) -> 29 | AS36: =+SUM(AS33:AS35) -> 29 | AT36: =+SUM(AT33:AT35) -> 29 | AU36: =+SUM(AU33:AU35) -> 29 | AV36: =+SUM(AV33:AV35) -> 29 | AW36: =+SUM(AW33:AW35) -> 29 | ... BA36: =+SUM(BA33:BA35) -> 29 | BC36: =+SUM(BC33:BC35) -> 29 | BD36: =+SUM(BD33:BD35) -> 29 | BE36: =+SUM(BE33:BE35) -> 29 | BF36: =+SUM(BF33:BF35) -> 29 | BG36: =+SUM(BG33:BG35) -> 29 | BH36: =+SUM(BH33:BH35) -> 29 | BI36: =+SUM(BI33:BI35) -> 29 | BJ36: =+SUM(BJ33:BJ35) -> 29 | BL36: =+SUM(BL33:BL35) -> 29 | BM36: =+SUM(BM33:BM35) -> 29 | BN36: =+SUM(BN33:BN35) -> 29 | BO36: =+SUM(BO33:BO35) -> 29 | BP36: =+SUM(BP33:BP35) -> 25 | BQ36: =+SUM(BQ33:BQ35) -> 25 | BR36: =+SUM(BR33:BR35) -> 25
AC38: Porcentaje | AD38: Inicio | AE38: =+AE33/AE36 -> 0 | AF38: =+AF33/AF36 -> 0.13793103 | AG38: =+AG33/AG36 -> 0.24137931 | AH38: =+AH33/AH36 -> 0.034482759 | AI38: =+AI33/AI36 -> 0.071428571 | AJ38: =+AJ33/AJ36 -> 0 | AK38: =+AK33/AK36 -> 0 | AL38: =+AL33/AL36 -> 0 | ... AN38: =+AN33/AN36 -> 0 | AP38: =+AP33/AP36 -> 0 | AQ38: =+AQ33/AQ36 -> 0.27586207 | AR38: =+AR33/AR36 -> 0.068965517 | AS38: =+AS33/AS36 -> 0.068965517 | AT38: =+AT33/AT36 -> 0.24137931 | AU38: =+AU33/AU36 -> 0.034482759 | AV38: =+AV33/AV36 -> 0.34482759 | AW38: =+AW33/AW36 -> 0 | ... BA38: =+BA33/BA36 -> 0 | BC38: =+BC33/BC36 -> 0.10344828 | BD38: =+BD33/BD36 -> 0.17241379 | BE38: =+BE33/BE36 -> 0.068965517 | BF38: =+BF33/BF36 -> 0.068965517 | BG38: =+BG33/BG36 -> 0.37931034 | BH38: =+BH33/BH36 -> 0.27586207 | BI38: =+BI33/BI36 -> 0.10344828 | BJ38: =+BJ33/BJ36 -> 0.10344828 | BL38: =+BL33/BL36 -> 0.13793103 | BM38: =+BM33/BM36 -> 0.13793103 | BN38: =+BN33/BN36 -> 0.034482759 | BO38: =+BO33/BO36 -> 0.034482759 | BP38: =+BP33/BP36 -> 0.08 | BQ38: =+BQ33/BQ36 -> 0.12 | BR38: =+BR33/BR36 -> 0.12
AD39: Proceso | AE39: =+AE34/AE36 -> 0.4137931 | AF39: =+AF34/AF36 -> 0.34482759 | AG39: =+AG34/AG36 -> 0.37931034 | AH39: =+AH34/AH36 -> 0.20689655 | AI39: =+AI34/AI36 -> 0.21428571 | AJ39: =+AJ34/AJ36 -> 0 | AK39: =+AK34/AK36 -> 0 | AL39: =+AL34/AL36 -> 0.10714286 | ... AN39: =+AN34/AN36 -> 0 | AP39: =+AP34/AP36 -> 0.071428571 | AQ39: =+AQ34/AQ36 -> 0.62068966 | AR39: =+AR34/AR36 -> 0.17241379 | AS39: =+AS34/AS36 -> 0.13793103 | AT39: =+AT34/AT36 -> 0.27586207 | AU39: =+AU34/AU36 -> 0.4137931 | AV39: =+AV34/AV36 -> 0.55172414 | AW39: =+AW34/AW36 -> 0.068965517 | ... BA39: =+BA34/BA36 -> 0.34482759 | BC39: =+BC34/BC36 -> 0.82758621 | BD39: =+BD34/BD36 -> 0.31034483 | BE39: =+BE34/BE36 -> 0.48275862 | BF39: =+BF34/BF36 -> 0.44827586 | BG39: =+BG34/BG36 -> 0.62068966 | BH39: =+BH34/BH36 -> 0.31034483 | BI39: =+BI34/BI36 -> 0.55172414 | BJ39: =+BJ34/BJ36 -> 0.17241379 | BL39: =+BL34/BL36 -> 0.24137931 | BM39: =+BM34/BM36 -> 0.10344828 | BN39: =+BN34/BN36 -> 0 | BO39: =+BO34/BO36 -> 0.068965517 | BP39: =+BP34/BP36 -> 0.04 | BQ39: =+BQ34/BQ36 -> 0.24 | BR39: =+BR34/BR36 -> 0.2
AD40: Logrado | AE40: =+AE35/AE36 -> 0.5862069 | AF40: =+AF35/AF36 -> 0.51724138 | AG40: =+AG35/AG36 -> 0.37931034 | AH40: =+AH35/AH36 -> 0.75862069 | AI40: =+AI35/AI36 -> 0.71428571 | AJ40: =+AJ35/AJ36 -> 1 | AK40: =+AK35/AK36 -> 1 | AL40: =+AL35/AL36 -> 0.89285714 | ... AN40: =+AN35/AN36 -> 1 | AP40: =+AP35/AP36 -> 0.92857143 | AQ40: =+AQ35/AQ36 -> 0.10344828 | AR40: =+AR35/AR36 -> 0.75862069 | AS40: =+AS35/AS36 -> 0.79310345 | AT40: =+AT35/AT36 -> 0.48275862 | AU40: =+AU35/AU36 -> 0.55172414 | AV40: =+AV35/AV36 -> 0.10344828 | AW40: =+AW35/AW36 -> 0.93103448 | ... BA40: =+BA35/BA36 -> 0.65517241 | BC40: =+BC35/BC36 -> 0.068965517 | BD40: =+BD35/BD36 -> 0.51724138 | BE40: =+BE35/BE36 -> 0.44827586 | BF40: =+BF35/BF36 -> 0.48275862 | BG40: =+BG35/BG36 -> 0 | BH40: =+BH35/BH36 -> 0.4137931 | BI40: =+BI35/BI36 -> 0.34482759 | BJ40: =+BJ35/BJ36 -> 0.72413793 | BL40: =+BL35/BL36 -> 0.62068966 | BM40: =+BM35/BM36 -> 0.75862069 | BN40: =+BN35/BN36 -> 0.96551724 | BO40: =+BO35/BO36 -> 0.89655172 | BP40: =+BP35/BP36 -> 0.88 | BQ40: =+BQ35/BQ36 -> 0.64 | BR40: =+BR35/BR36 -> 0.68

Sheet COMPROMISOS DE DESEMPEÑO
C1: PEAI | F1: SAEI | K1: SAANEE | N1: REFUERZO ESCOLAR
C2: 01 | D2: 02 | E2: 03 | F2: 01 | G2: 02 | H2: 03 | I2: 04 | J2: 05 | K2: 01 | L2: 02 | M2: 03 | N2: 01 | O2: 02 | P2: 03 | Q2: 04 | R2: 05 | S2: 06 | T2: 07 | U2: 08 | V2: 09 | W2: 10 | X2: 11
A3: N° | B3: Número y/o nombre de la Institución Educativa | C3: La IE, cuenta Resolución Directoral de la BEA y GRD (Conformación o actualización). | D3: En la IE se ha elaborado el PEAI y la Ficha Resumen del PEAI (Descargar de la web de educación ambiental). | E3: En el PEAI ha considerado los siguientes componentes: Cambio climático, Ecoeficiencia, Salud, Gestión de Riesgo Biodiversidad. Fotografía de la BEA y GRD | F3: La IE, cuenta con R.D. de conformación de SAEI y lo ha enviado con Expediente a UGEL 03 | G3: La I.E ha realizado el registro de la PM 254 en el SIMON, previo visto de la Coordinadora del SAEI de la UGEL 03 | H3: En la IE se cuenta con el plan de trabajo del SAEI | I3: Se ha actualizado el PAT considerando las actividades del Comité de SAI (Sensibilización sobre educación inclusiva y atención a los estudiantes que presentan barreras) | J3: Implementa acciones para generar prácticas inclusivas a partir de las barreras educativas que experimentan los estudiantes y proveer los apoyos educativos correspondientes para su eliminación | K3: Cuenta con estudiantes que presentan barreras matriculados. Cantidad: ……… | L3: La I.E cuenta con Informe psicopedagógico (IPP). | M3: En la IE se cuenta con el plan educativo personalizado (PEP). | N3: La IE ha implementado acciones en el PAT sobre R.E. para cada etapa de acuerdo al cronograma establecido: - Reconocimiento de necesidades de aprendizaje. -Acompañamiento y desarrollo de R.E -Cierre de la estrategia de R.E. | O3: Ha realizado la réplica a los docentes de la AT de refuerzo escolar realizada por la UGEL 03 y/o MINEDU | P3: La IE, planifico y aplico la evaluación diagnostica. | Q3: La IE ha establecido el horario de los docentes para implementar las acciones del RE de acuerdo lo establecido en el numeral 6.5 de la R.V.M 045-2022-MINEDU | R3: Ha implementado acciones para la socialización, ejecución y toma de decisiones a partir de los resultados de la evaluación diagnóstica con los docentes para propuesta de mejora | S3: Ha planificado reuniones de socialización de los resultados de la evaluación diagnostica con los PPFF, a fin de generar compromisos en los aprendizaje en un Acta siguiendo el formato de PERUEDUCA | T3: Ha elaborado el informe de la sistematización de los resultados de la evaluación diagnóstica siguiendo el formato de PERUEDUCA y remitido a la UGEL 03 | U3: Ha realizado el registro en el SIMON (PM 252-Inst 474) según el cronograma establecido. | V3: En la IE se viene implementando las sesiones de Refuerzo Escolar en las áreas de matemática, comunicación, así como en otras áreas. | W3: Se ha previsto el monitoreo de la hora de refuerzo escolar ,con algún instrumento | X3: Se ha fortalecido en planificación diferenciada para la atención de los estudiantes en RE
A4: 1 | B4: =+'MODELO JEC'!B4 -> 1105 LA SAGRADA FAMILIA | C4: NO | D4: NO | E4: NO | F4: SI | G4: NO | H4: NO | I4: NO | J4: SI | K4: SI | L4: NO | M4: NO | N4: SI | O4: SI | P4: SI | Q4: SI | R4: NO | S4: SI | T4: NO | U4: NO | V4: NO | W4: SI | X4: NO
A5: 2 | B5: =+'MODELO JEC'!B5 -> JOSE SANTOS CHOCANO | C5: SI | D5: NO | E5: NO | F5: SI | G5: NO | H5: NO | I5: NO | J5: NO | K5: SI | L5: SI | M5: NO | N5: SI | O5: SI | P5: SI | Q5: SI | R5: SI | S5: SI | T5: NO | U5: NO | V5: NO | W5: SI | X5: NO
A6: 3 | B6: =+'MODELO JEC'!B6 -> ANGELICA PALMA ROMAN | C6: SI | D6: SI | E6: SI | F6: SI | G6: NO | H6: NO | I6: SI | J6: SI | K6: SI | L6: NO | M6: NO | N6: SI | O6: NO | P6: SI | Q6: SI | R6: SI | S6: SI | T6: NO | U6: NO | V6: NO | W6: SI | X6: SI
A7: 4 | B7: =+'MODELO JEC'!B7 -> 24 ROSA IRENE INFANTE CANALES | C7: NO | D7: NO | E7: NO | F7: SI | G7: NO | H7: NO | I7: NO | J7: NO | K7: SI | L7: SI | M7: SI | N7: SI | O7: SI | P7: SI | Q7: SI | R7: NO | S7: SI | T7: NO | U7: NO | V7: SI | W7: SI | X7: SI
A8: 5 | B8: =+'MODELO JEC'!B8 -> JUAN PABLO VIZCARDO Y GUZMAN | C8: NO | D8: NO | E8: NO | F8: SI | G8: NO | H8: SI | I8: NO | J8: SI | K8: SI | L8: SI | M8: NO | N8: SI | O8: SI | P8: SI | Q8: SI | R8: SI | S8: SI | T8: SI | U8: NO | V8: NO | W8: NO | X8: NO
A9: 6 | B9: =+'MODELO JEC'!B9 -> GRAL. FELIPE SANTIAGO SALAVERRY | C9: NO | D9: NO | E9: NO | F9: SI | G9: NO | H9: NO | I9: NO | J9: SI | K9: SI | L9: NO | M9: NO | N9: SI | O9: SI | P9: SI | Q9: NO | R9: SI | S9: SI | T9: NO | U9: NO | V9: NO | W9: NO | X9: NO
A10: 7 | B10: =+'MODELO JEC'!B10 -> BARTOLOMÉ HERRERA | C10: NO | D10: NO | E10: SI | F10: SI | G10: NO | H10: NO | I10: NO | J10: NO | K10: SI | L10: SI | M10: NO | N10: SI | O10: SI | P10: SI | Q10: SI | R10: SI | S10: NO | T10: NO | U10: SI | V10: SI | W10: SI | X10: SI
A11: 8 | B11: =+'MODELO JEC'!B11 -> ISABELA LA CATOLICA | C11: SI | D11: NO | E11: NO | F11: SI | G11: NO | H11: SI | I11: NO | J11: SI | K11: SI | L11: NO | M11: NO | N11: SI | O11: NO | P11: SI | Q11: NO | R11: SI | S11: SI | T11: NO | U11: N0 | V11: NO | W11: SI | X11: NO
A12: 9 | B12: =+'MODELO JEC'!B12 -> REPUBLICA DE CHILE | C12: SI | D12: SI | E12: SI | F12: SI | G12: NO | H12: NO | I12: SI | J12: SI | K12: SI | L12: NO | M12: NO | N12: SI | O12: NO | P12: SI | Q12: SI | R12: SI | S12: SI | T12: NO | U12: NO | V12: SI | W12: SI | X12: SI
A13: 10 | B13: =+'MODELO JEC'!B13 -> 1157 JULIO CESAR TELLO | C13: NO | D13: NO | E13: NO | F13: NO | G13: NO | H13: NO | I13: NO | J13: SI | K13: SI | L13: NO | M13: NO | N13: SI | O13: NO | P13: SI | Q13: SI | R13: SI | S13: SI | T13: NO | U13: NO | V13: SI | W13: SI | X13: NO
A14: 11 | B14: =+'MODELO JEC'!B14 -> 105 PEDRO CORONADO ARRASCUE | C14: SI | D14: SI | E14: SI | F14: SI | G14: NO | H14: NO | I14: SI | J14: NO | K14: SI | L14: SI | M14: SI | N14: SI | O14: SI | P14: SI | Q14: SI | R14: NO | S14: NO | T14: NO | U14: NO | V14: NO | W14: SI | X14: SI
A15: 12 | B15: =+'MODELO JEC'!B15 -> TUPAC AMARU | C15: NO | D15: NO | E15: NO | F15: NO | G15: NO | H15: NO | I15: NO | J15: SI | K15: SI | L15: NO | M15: NO | N15: SI | O15: SI | P15: SI | Q15: SI | R15: SI | S15: NO | T15: NO | U15: NO | V15: NO | W15: SI | X15: SI
... A22: 19 | B22: =+'MODELO JEC'!B22 -> MARIANO MELGAR | C22: SI | D22: SI | E22: SI | F22: SI | G22: NO | H22: NO | I22: NO | J22: SI | K22: SI | L22: SI | M22: SI | N22: SI | O22: SI | P22: SI | Q22: SI | R22: SI | S22: SI | T22: NO | U22: NO | V22: SI | W22: NO | X22: SI
A23: 20 | B23: NUESTRA SEÑORA DE GUADALUPE | C23: SI | D23: SI | E23: SI | F23: SI | G23: NO | H23: SI | I23: SI | J23: SI | K23: SI | L23: NO | M23: NO | N23: SI | O23: SI | P23: SI | Q23: SI | R23: SI | S23: SI | T23: SI | U23: NO | V23: SI | W23: NO | X23: NO
A24: 21 | B24: =+'MODELO JEC'!B24 -> 0003 NUESTRA SEÑORA DEL CARMEN | C24: NO | D24: SI | E24: SI | F24: SI | G24: NO | H24: NO | I24: SI | J24: NO | K24: SI | L24: NO | M24: NO | N24: SI | O24: SI | P24: SI | Q24: SI | R24: NO | S24: SI | T24: NO | U24: NO | V24: SI | W24: SI | X24: NO
A25: 22 | B25: =+'MODELO JEC'!B25 -> GRAL ROQUE SAENZ PEÑA | C25: SI | D25: NO | E25: NO | F25: SI | G25: NO | H25: NO | I25: NO | J25: SI | K25: SI | L25: SI | M25: SI | N25: NO | O25: SI | P25: SI | Q25: SI | R25: SI | S25: SI | T25: SI | U25: NO | V25: SI | W25: SI | X25: SI
A26: 23 | B26: =+'MODELO JEC'!B26 -> MIGUEL GRAU | C26: SI | D26: SI | E26: SI | F26: SI | G26: NO | H26: SI | I26: SI | J26: NO | K26: SI | L26: SI | M26: SI | N26: NO | O26: SI | P26: SI | Q26: NO | R26: SI | S26: NO | T26: NO | U26: NO | V26: NO | W26: SI | X26: NO
A27: 24 | B27: =+'MODELO JEC'!B27 -> HIPOLOTO UNANUE | C27: SI | D27: SI | E27: SI | F27: SI | G27: NO | H27: SI | I27: SI | J27: SI | K27: SI | L27: SI | M27: SI | N27: SI | O27: SI | P27: SI | Q27: SI | R27: SI | S27: SI | T27: NO | U27: NO | V27: SI | W27: SI | X27: SI
A28: 25 | B28: =+'MODELO JEC'!B28 -> MELITON CARVAJAL | C28: SI | D28: NO | E28: SI | F28: SI | G28: NO | H28: NO | I28: SI | J28: SI | K28: SI | L28: SI | M28: SI | N28: SI | O28: SI | P28: SI | Q28: SI | R28: SI | S28: SI | T28: NO | U28: NO | V28: SI | W28: S | X28: SI
A29: 26 | B29: =+'MODELO JEC'!B29 -> 1071 ALFONSO UGARTE | C29: SI | D29: SI | E29: SI | F29: S | G29: SI | H29: SI | I29: S | J29: SI | K29: S | L29: SI | M29: SI | N29: SI | O29: SI | P29: SI | Q29: SI | R29: SI | S29: S | T29: SI | U29: SI | V29: NO | W29: SI | X29: SI
A30: 27 | B30: =+'MODELO JEC'!B30 -> 0001 MARIA AUXILIADORA | C30: SI | D30: SI | E30: SI | F30: SI | G30: SI | H30: SI | I30: NO | J30: SI | K30: SI | L30: SI | M30: SI | N30: SI | O30: SI | P30: SI | Q30: SI | R30: SI | S30: SI | T30: SI | U30: NO | V30: SI | W30: SI | X30: SI
A31: 28 | B31: =+'MODELO JEC'!B31 -> 022 REPUBLIZCA DE GUATEMALA | C31: SI | D31: SI | E31: SI | F31: SI | G31: NO | H31: SI | I31: SI | J31: SI | K31: SI | L31: SI | M31: NO | N31: NO | O31: SI | P31: SI | Q31: SI | R31: SI | S31: SI | T31: NO | U31: NO | V31: NO | W31: SI | X31: NO
A32: 29 | B32: =+'MODELO JEC'!B32 -> TERESA GONZALES DE FANNING | C32: SI | D32: SI | E32: SI | F32: SI | G32: NO | H32: NO | I32: NO | J32: NO | K32: SI | L32: SI | M32: SI | N32: NO | O32: SI | P32: SI | Q32: SI | R32: SI | S32: SI | T32: NO | U32: NO | V32: SI | W32: SI | X32: SI

Sheet Hoja1
B2: SI
B3: NO
B6: 1
B7: 2
B8: 3
