Workbook

Sheet GENERAL
A1: Fecha_Visita | B1: MES | C1: Codigo_Local | D1: Nombre_IE | E1: Nivel | F1: Modalidad | G1: UGEL | H1: RED | I1: Distrito | J1: Modelo_Sec_Formacion_Tecnica | K1: Especialista | L1: Director_Apellidos_Nombres | M1: Director_DNI | N1: Director_Telefono | O1: Director_Condicion | P1: Director_Correo | Q1: CAT_6.1 | R1: CAT_6.2 | S1: CAT_6.3 | T1: CAT_6.4 | U1: CAT_6.5 | V1: RESULTADO | W1: ESTADO | X1: AVANCE
B2: =IF(ISBLANK(T_GENERAL[[#This Row],[Fecha_Visita]]),"",UPPER(TEXT(T_GENERAL[[#This Row],[Fecha_Visita]],"mmmm"))) | Q2: ='CAT_6.1'!F3 -> 0 | R2: ='CAT_6.2'!E3 -> 0 | S2: ='CAT_6.3'!G3 -> 0 | T2: ='CAT_6.4'!J3 -> 0 | U2: ='CAT_6.5'!J3 -> 0 | V2: =AVERAGE(T_GENERAL[[#This Row],[CAT_6.1]],T_GENERAL[[#This Row],[CAT_6.2]],T_GENERAL[[#This Row],[CAT_6.3]],T_GENERAL[[#This Row],[CAT_6.4]],T_GENERAL[[#This Row],[CAT_6.5]]) -> 0 | W2: =IF(T_GENERAL[[#This Row],[RESULTADO]]=0,"NO INICIÓ",IF(T_GENERAL[[#This Row],[RESULTADO]]<=1,"INICIO",IF(T_GENERAL[[#This Row],[RESULTADO]]<=2,"PROCESO",IF(T_GENERAL[[#This Row],[RESULTADO]]<=3,"LOGRADO","")))) -> NO INICIÓ | X2: =IF(T_GENERAL[[#This Row],[RESULTADO]]=0,"PENDIENTE","EJECUTADO") -> PENDIENTE
B3: =IF(ISBLANK(T_GENERAL[[#This Row],[Fecha_Visita]]),"",UPPER(TEXT(T_GENERAL[[#This Row],[Fecha_Visita]],"mmmm"))) | Q3: ='CAT_6.1'!F4 -> 0 | R3: ='CAT_6.2'!E4 -> 0 | S3: ='CAT_6.3'!G4 -> 0 | T3: ='CAT_6.4'!J4 -> 0 | U3: ='CAT_6.5'!J4 -> 0 | V3: =AVERAGE(T_GENERAL[[#This Row],[CAT_6.1]],T_GENERAL[[#This Row],[CAT_6.2]],T_GENERAL[[#This Row],[CAT_6.3]],T_GENERAL[[#This Row],[CAT_6.4]],T_GENERAL[[#This Row],[CAT_6.5]]) -> 0 | W3: =IF(T_GENERAL[[#This Row],[RESULTADO]]=0,"NO INICIÓ",IF(T_GENERAL[[#This Row],[RESULTADO]]<=1,"INICIO",IF(T_GENERAL[[#This Row],[RESULTADO]]<=2,"PROCESO",IF(T_GENERAL[[#This Row],[RESULTADO]]<=3,"LOGRADO","")))) -> NO INICIÓ | X3: =IF(T_GENERAL[[#This Row],[RESULTADO]]=0,"PENDIENTE","EJECUTADO") -> PENDIENTE
B4: =IF(ISBLANK(T_GENERAL[[#This Row],[Fecha_Visita]]),"",UPPER(TEXT(T_GENERAL[[#This Row],[Fecha_Visita]],"mmmm"))) | Q4: ='CAT_6.1'!F5 -> 0 | R4: ='CAT_6.2'!E5 -> 0 | S4: ='CAT_6.3'!G5 -> 0 | T4: ='CAT_6.4'!J5 -> 0 | U4: ='CAT_6.5'!J5 -> 0 | V4: =AVERAGE(T_GENERAL[[#This Row],[CAT_6.1]],T_GENERAL[[#This Row],[CAT_6.2]],T_GENERAL[[#This Row],[CAT_6.3]],T_GENERAL[[#This Row],[CAT_6.4]],T_GENERAL[[#This Row],[CAT_6.5]]) -> 0 | W4: =IF(T_GENERAL[[#This Row],[RESULTADO]]=0,"NO INICIÓ",IF(T_GENERAL[[#This Row],[RESULTADO]]<=1,"INICIO",IF(T_GENERAL[[#This Row],[RESULTADO]]<=2,"PROCESO",IF(T_GENERAL[[#This Row],[RESULTADO]]<=3,"LOGRADO","")))) -> NO INICIÓ | X4: =IF(T_GENERAL[[#This Row],[RESULTADO]]=0,"PENDIENTE","EJECUTADO") -> PENDIENTE
B5: =IF(ISBLANK(T_GENERAL[[#This Row],[Fecha_Visita]]),"",UPPER(TEXT(T_GENERAL[[#This Row],[Fecha_Visita]],"mmmm"))) | Q5: ='CAT_6.1'!F6 -> 0 | R5: ='CAT_6.2'!E6 -> 0 | S5: ='CAT_6.3'!G6 -> 0 | T5: ='CAT_6.4'!J6 -> 0 | U5: ='CAT_6.5'!J6 -> 0 | V5: =AVERAGE(T_GENERAL[[#This Row],[CAT_6.1]],T_GENERAL[[#This Row],[CAT_6.2]],T_GENERAL[[#This Row],[CAT_6.3]],T_GENERAL[[#This Row],[CAT_6.4]],T_GENERAL[[#This Row],[CAT_6.5]]) -> 0 | W5: =IF(T_GENERAL[[#This Row],[RESULTADO]]=0,"NO INICIÓ",IF(T_GENERAL[[#This Row],[RESULTADO]]<=1,"INICIO",IF(T_GENERAL[[#This Row],[RESULTADO]]<=2,"PROCESO",IF(T_GENERAL[[#This Row],[RESULTADO]]<=3,"LOGRADO","")))) -> NO INICIÓ | X5: =IF(T_GENERAL[[#This Row],[RESULTADO]]=0,"PENDIENTE","EJECUTADO") -> PENDIENTE
B6: =IF(ISBLANK(T_GENERAL[[#This Row],[Fecha_Visita]]),"",UPPER(TEXT(T_GENERAL[[#This Row],[Fecha_Visita]],"mmmm"))) | Q6: ='CAT_6.1'!F7 -> 0 | R6: ='CAT_6.2'!E7 -> 0 | S6: ='CAT_6.3'!G7 -> 0 | T6: ='CAT_6.4'!J7 -> 0 | U6: ='CAT_6.5'!J7 -> 0 | V6: =AVERAGE(T_GENERAL[[#This Row],[CAT_6.1]],T_GENERAL[[#This Row],[CAT_6.2]],T_GENERAL[[#This Row],[CAT_6.3]],T_GENERAL[[#This Row],[CAT_6.4]],T_GENERAL[[#This Row],[CAT_6.5]]) -> 0 | W6: =IF(T_GENERAL[[#This Row],[RESULTADO]]=0,"NO INICIÓ",IF(T_GENERAL[[#This Row],[RESULTADO]]<=1,"INICIO",IF(T_GENERAL[[#This Row],[RESULTADO]]<=2,"PROCESO",IF(T_GENERAL[[#This Row],[RESULTADO]]<=3,"LOGRADO","")))) -> NO INICIÓ | X6: =IF(T_GENERAL[[#This Row],[RESULTADO]]=0,"PENDIENTE","EJECUTADO") -> PENDIENTE
B7: =IF(ISBLANK(T_GENERAL[[#This Row],[Fecha_Visita]]),"",UPPER(TEXT(T_GENERAL[[#This Row],[Fecha_Visita]],"mmmm"))) | Q7: ='CAT_6.1'!F8 -> 0 | R7: ='CAT_6.2'!E8 -> 0 | S7: ='CAT_6.3'!G8 -> 0 | T7: ='CAT_6.4'!J8 -> 0 | U7: ='CAT_6.5'!J8 -> 0 | V7: =AVERAGE(T_GENERAL[[#This Row],[CAT_6.1]],T_GENERAL[[#This Row],[CAT_6.2]],T_GENERAL[[#This Row],[CAT_6.3]],T_GENERAL[[#This Row],[CAT_6.4]],T_GENERAL[[#This Row],[CAT_6.5]]) -> 0 | W7: =IF(T_GENERAL[[#This Row],[RESULTADO]]=0,"NO INICIÓ",IF(T_GENERAL[[#This Row],[RESULTADO]]<=1,"INICIO",IF(T_GENERAL[[#This Row],[RESULTADO]]<=2,"PROCESO",IF(T_GENERAL[[#This Row],[RESULTADO]]<=3,"LOGRADO","")))) -> NO INICIÓ | X7: =IF(T_GENERAL[[#This Row],[RESULTADO]]=0,"PENDIENTE","EJECUTADO") -> PENDIENTE
B8: =IF(ISBLANK(T_GENERAL[[#This Row],[Fecha_Visita]]),"",UPPER(TEXT(T_GENERAL[[#This Row],[Fecha_Visita]],"mmmm"))) | Q8: ='CAT_6.1'!F9 -> 0 | R8: ='CAT_6.2'!E9 -> 0 | S8: ='CAT_6.3'!G9 -> 0 | T8: ='CAT_6.4'!J9 -> 0 | U8: ='CAT_6.5'!J9 -> 0 | V8: =AVERAGE(T_GENERAL[[#This Row],[CAT_6.1]],T_GENERAL[[#This Row],[CAT_6.2]],T_GENERAL[[#This Row],[CAT_6.3]],T_GENERAL[[#This Row],[CAT_6.4]],T_GENERAL[[#This Row],[CAT_6.5]]) -> 0 | W8: =IF(T_GENERAL[[#This Row],[RESULTADO]]=0,"NO INICIÓ",IF(T_GENERAL[[#This Row],[RESULTADO]]<=1,"INICIO",IF(T_GENERAL[[#This Row],[RESULTADO]]<=2,"PROCESO",IF(T_GENERAL[[#This Row],[RESULTADO]]<=3,"LOGRADO","")))) -> NO INICIÓ | X8: =IF(T_GENERAL[[#This Row],[RESULTADO]]=0,"PENDIENTE","EJECUTADO") -> PENDIENTE
B9: =IF(ISBLANK(T_GENERAL[[#This Row],[Fecha_Visita]]),"",UPPER(TEXT(T_GENERAL[[#This Row],[Fecha_Visita]],"mmmm"))) | Q9: ='CAT_6.1'!F10 -> 0 | R9: ='CAT_6.2'!E10 -> 0 | S9: ='CAT_6.3'!G10 -> 0 | T9: ='CAT_6.4'!J10 -> 0 | U9: ='CAT_6.5'!J10 -> 0 | V9: =AVERAGE(T_GENERAL[[#This Row],[CAT_6.1]],T_GENERAL[[#This Row],[CAT_6.2]],T_GENERAL[[#This Row],[CAT_6.3]],T_GENERAL[[#This Row],[CAT_6.4]],T_GENERAL[[#This Row],[CAT_6.5]]) -> 0 | W9: =IF(T_GENERAL[[#This Row],[RESULTADO]]=0,"NO INICIÓ",IF(T_GENERAL[[#This Row],[RESULTADO]]<=1,"INICIO",IF(T_GENERAL[[#This Row],[RESULTADO]]<=2,"PROCESO",IF(T_GENERAL[[#This Row],[RESULTADO]]<=3,"LOGRADO","")))) -> NO INICIÓ | X9: =IF(T_GENERAL[[#This Row],[RESULTADO]]=0,"PENDIENTE","EJECUTADO") -> PENDIENTE
B10: =IF(ISBLANK(T_GENERAL[[#This Row],[Fecha_Visita]]),"",UPPER(TEXT(T_GENERAL[[#This Row],[Fecha_Visita]],"mmmm"))) | Q10: ='CAT_6.1'!F11 -> 0 | R10: ='CAT_6.2'!E11 -> 0 | S10: ='CAT_6.3'!G11 -> 0 | T10: ='CAT_6.4'!J11 -> 0 | U10: ='CAT_6.5'!J11 -> 0 | V10: =AVERAGE(T_GENERAL[[#This Row],[CAT_6.1]],T_GENERAL[[#This Row],[CAT_6.2]],T_GENERAL[[#This Row],[CAT_6.3]],T_GENERAL[[#This Row],[CAT_6.4]],T_GENERAL[[#This Row],[CAT_6.5]]) -> 0 | W10: =IF(T_GENERAL[[#This Row],[RESULTADO]]=0,"NO INICIÓ",IF(T_GENERAL[[#This Row],[RESULTADO]]<=1,"INICIO",IF(T_GENERAL[[#This Row],[RESULTADO]]<=2,"PROCESO",IF(T_GENERAL[[#This Row],[RESULTADO]]<=3,"LOGRADO","")))) -> NO INICIÓ | X10: =IF(T_GENERAL[[#This Row],[RESULTADO]]=0,"PENDIENTE","EJECUTADO") -> PENDIENTE
B11: =IF(ISBLANK(T_GENERAL[[#This Row],[Fecha_Visita]]),"",UPPER(TEXT(T_GENERAL[[#This Row],[Fecha_Visita]],"mmmm"))) | Q11: ='CAT_6.1'!F12 -> 0 | R11: ='CAT_6.2'!E12 -> 0 | S11: ='CAT_6.3'!G12 -> 0 | T11: ='CAT_6.4'!J12 -> 0 | U11: ='CAT_6.5'!J12 -> 0 | V11: =AVERAGE(T_GENERAL[[#This Row],[CAT_6.1]],T_GENERAL[[#This Row],[CAT_6.2]],T_GENERAL[[#This Row],[CAT_6.3]],T_GENERAL[[#This Row],[CAT_6.4]],T_GENERAL[[#This Row],[CAT_6.5]]) -> 0 | W11: =IF(T_GENERAL[[#This Row],[RESULTADO]]=0,"NO INICIÓ",IF(T_GENERAL[[#This Row],[RESULTADO]]<=1,"INICIO",IF(T_GENERAL[[#This Row],[RESULTADO]]<=2,"PROCESO",IF(T_GENERAL[[#This Row],[RESULTADO]]<=3,"LOGRADO","")))) -> NO INICIÓ | X11: =IF(T_GENERAL[[#This Row],[RESULTADO]]=0,"PENDIENTE","EJECUTADO") -> PENDIENTE
B12: =IF(ISBLANK(T_GENERAL[[#This Row],[Fecha_Visita]]),"",UPPER(TEXT(T_GENERAL[[#This Row],[Fecha_Visita]],"mmmm"))) | Q12: ='CAT_6.1'!F13 -> 0 | R12: ='CAT_6.2'!E13 -> 0 | S12: ='CAT_6.3'!G13 -> 0 | T12: ='CAT_6.4'!J13 -> 0 | U12: ='CAT_6.5'!J13 -> 0 | V12: =AVERAGE(T_GENERAL[[#This Row],[CAT_6.1]],T_GENERAL[[#This Row],[CAT_6.2]],T_GENERAL[[#This Row],[CAT_6.3]],T_GENERAL[[#This Row],[CAT_6.4]],T_GENERAL[[#This Row],[CAT_6.5]]) -> 0 | W12: =IF(T_GENERAL[[#This Row],[RESULTADO]]=0,"NO INICIÓ",IF(T_GENERAL[[#This Row],[RESULTADO]]<=1,"INICIO",IF(T_GENERAL[[#This Row],[RESULTADO]]<=2,"PROCESO",IF(T_GENERAL[[#This Row],[RESULTADO]]<=3,"LOGRADO","")))) -> NO INICIÓ | X12: =IF(T_GENERAL[[#This Row],[RESULTADO]]=0,"PENDIENTE","EJECUTADO") -> PENDIENTE
B13: =IF(ISBLANK(T_GENERAL[[#This Row],[Fecha_Visita]]),"",UPPER(TEXT(T_GENERAL[[#This Row],[Fecha_Visita]],"mmmm"))) | Q13: ='CAT_6.1'!F14 -> 0 | R13: ='CAT_6.2'!E14 -> 0 | S13: ='CAT_6.3'!G14 -> 0 | T13: ='CAT_6.4'!J14 -> 0 | U13: ='CAT_6.5'!J14 -> 0 | V13: =AVERAGE(T_GENERAL[[#This Row],[CAT_6.1]],T_GENERAL[[#This Row],[CAT_6.2]],T_GENERAL[[#This Row],[CAT_6.3]],T_GENERAL[[#This Row],[CAT_6.4]],T_GENERAL[[#This Row],[CAT_6.5]]) -> 0 | W13: =IF(T_GENERAL[[#This Row],[RESULTADO]]=0,"NO INICIÓ",IF(T_GENERAL[[#This Row],[RESULTADO]]<=1,"INICIO",IF(T_GENERAL[[#This Row],[RESULTADO]]<=2,"PROCESO",IF(T_GENERAL[[#This Row],[RESULTADO]]<=3,"LOGRADO","")))) -> NO INICIÓ | X13: =IF(T_GENERAL[[#This Row],[RESULTADO]]=0,"PENDIENTE","EJECUTADO") -> PENDIENTE
... B154: =IF(ISBLANK(T_GENERAL[[#This Row],[Fecha_Visita]]),"",UPPER(TEXT(T_GENERAL[[#This Row],[Fecha_Visita]],"mmmm"))) | Q154: ='CAT_6.1'!F155 -> 0 | R154: ='CAT_6.2'!E155 -> 0 | S154: ='CAT_6.3'!G155 -> 0 | T154: ='CAT_6.4'!J155 -> 0 | U154: ='CAT_6.5'!J155 -> 0 | V154: =AVERAGE(T_GENERAL[[#This Row],[CAT_6.1]],T_GENERAL[[#This Row],[CAT_6.2]],T_GENERAL[[#This Row],[CAT_6.3]],T_GENERAL[[#This Row],[CAT_6.4]],T_GENERAL[[#This Row],[CAT_6.5]]) -> 0 | W154: =IF(T_GENERAL[[#This Row],[RESULTADO]]=0,"NO INICIÓ",IF(T_GENERAL[[#This Row],[RESULTADO]]<=1,"INICIO",IF(T_GENERAL[[#This Row],[RESULTADO]]<=2,"PROCESO",IF(T_GENERAL[[#This Row],[RESULTADO]]<=3,"LOGRADO","")))) -> NO INICIÓ | X154: =IF(T_GENERAL[[#This Row],[RESULTADO]]=0,"PENDIENTE","EJECUTADO") -> PENDIENTE
Q155: ='CAT_6.1'!F156 -> 0 | R155: ='CAT_6.2'!E156 -> 0 | S155: ='CAT_6.3'!G156 -> 0 | T155: ='CAT_6.4'!J156 -> 0 | U155: ='CAT_6.5'!J156 -> 0 | V155: =AVERAGE(T_GENERAL[[#This Row],[CAT_6.1]],T_GENERAL[[#This Row],[CAT_6.2]],T_GENERAL[[#This Row],[CAT_6.3]],T_GENERAL[[#This Row],[CAT_6.4]],T_GENERAL[[#This Row],[CAT_6.5]]) -> 0 | W155: =IF(T_GENERAL[[#This Row],[RESULTADO]]=0,"NO INICIÓ",IF(T_GENERAL[[#This Row],[RESULTADO]]<=1,"INICIO",IF(T_GENERAL[[#This Row],[RESULTADO]]<=2,"PROCESO",IF(T_GENERAL[[#This Row],[RESULTADO]]<=3,"LOGRADO","")))) -> NO INICIÓ | X155: =IF(T_GENERAL[[#This Row],[RESULTADO]]=0,"PENDIENTE","EJECUTADO") -> PENDIENTE
Q156: ='CAT_6.1'!F157 -> 0 | R156: ='CAT_6.2'!E157 -> 0 | S156: ='CAT_6.3'!G157 -> 0 | T156: ='CAT_6.4'!J157 -> 0 | U156: ='CAT_6.5'!J157 -> 0 | V156: =AVERAGE(T_GENERAL[[#This Row],[CAT_6.1]],T_GENERAL[[#This Row],[CAT_6.2]],T_GENERAL[[#This Row],[CAT_6.3]],T_GENERAL[[#This Row],[CAT_6.4]],T_GENERAL[[#This Row],[CAT_6.5]]) -> 0 | W156: =IF(T_GENERAL[[#This Row],[RESULTADO]]=0,"NO INICIÓ",IF(T_GENERAL[[#This Row],[RESULTADO]]<=1,"INICIO",IF(T_GENERAL[[#This Row],[RESULTADO]]<=2,"PROCESO",IF(T_GENERAL[[#This Row],[RESULTADO]]<=3,"LOGRADO","")))) -> NO INICIÓ | X156: =IF(T_GENERAL[[#This Row],[RESULTADO]]=0,"PENDIENTE","EJECUTADO") -> PENDIENTE
Q157: ='CAT_6.1'!F158 -> 0 | R157: ='CAT_6.2'!E158 -> 0 | S157: ='CAT_6.3'!G158 -> 0 | T157: ='CAT_6.4'!J158 -> 0 | U157: ='CAT_6.5'!J158 -> 0 | V157: =AVERAGE(T_GENERAL[[#This Row],[CAT_6.1]],T_GENERAL[[#This Row],[CAT_6.2]],T_GENERAL[[#This Row],[CAT_6.3]],T_GENERAL[[#This Row],[CAT_6.4]],T_GENERAL[[#This Row],[CAT_6.5]]) -> 0 | W157: =IF(T_GENERAL[[#This Row],[RESULTADO]]=0,"NO INICIÓ",IF(T_GENERAL[[#This Row],[RESULTADO]]<=1,"INICIO",IF(T_GENERAL[[#This Row],[RESULTADO]]<=2,"PROCESO",IF(T_GENERAL[[#This Row],[RESULTADO]]<=3,"LOGRADO","")))) -> NO INICIÓ | X157: =IF(T_GENERAL[[#This Row],[RESULTADO]]=0,"PENDIENTE","EJECUTADO") -> PENDIENTE
Q158: ='CAT_6.1'!F159 -> 0 | R158: ='CAT_6.2'!E159 -> 0 | S158: ='CAT_6.3'!G159 -> 0 | T158: ='CAT_6.4'!J159 -> 0 | U158: ='CAT_6.5'!J159 -> 0 | V158: =AVERAGE(T_GENERAL[[#This Row],[CAT_6.1]],T_GENERAL[[#This Row],[CAT_6.2]],T_GENERAL[[#This Row],[CAT_6.3]],T_GENERAL[[#This Row],[CAT_6.4]],T_GENERAL[[#This Row],[CAT_6.5]]) -> 0 | W158: =IF(T_GENERAL[[#This Row],[RESULTADO]]=0,"NO INICIÓ",IF(T_GENERAL[[#This Row],[RESULTADO]]<=1,"INICIO",IF(T_GENERAL[[#This Row],[RESULTADO]]<=2,"PROCESO",IF(T_GENERAL[[#This Row],[RESULTADO]]<=3,"LOGRADO","")))) -> NO INICIÓ | X158: =IF(T_GENERAL[[#This Row],[RESULTADO]]=0,"PENDIENTE","EJECUTADO") -> PENDIENTE
Q159: ='CAT_6.1'!F160 -> 0 | R159: ='CAT_6.2'!E160 -> 0 | S159: ='CAT_6.3'!G160 -> 0 | T159: ='CAT_6.4'!J160 -> 0 | U159: ='CAT_6.5'!J160 -> 0 | V159: =AVERAGE(T_GENERAL[[#This Row],[CAT_6.1]],T_GENERAL[[#This Row],[CAT_6.2]],T_GENERAL[[#This Row],[CAT_6.3]],T_GENERAL[[#This Row],[CAT_6.4]],T_GENERAL[[#This Row],[CAT_6.5]]) -> 0 | W159: =IF(T_GENERAL[[#This Row],[RESULTADO]]=0,"NO INICIÓ",IF(T_GENERAL[[#This Row],[RESULTADO]]<=1,"INICIO",IF(T_GENERAL[[#This Row],[RESULTADO]]<=2,"PROCESO",IF(T_GENERAL[[#This Row],[RESULTADO]]<=3,"LOGRADO","")))) -> NO INICIÓ | X159: =IF(T_GENERAL[[#This Row],[RESULTADO]]=0,"PENDIENTE","EJECUTADO") -> PENDIENTE
Q160: ='CAT_6.1'!F161 -> 0 | R160: ='CAT_6.2'!E161 -> 0 | S160: ='CAT_6.3'!G161 -> 0 | T160: ='CAT_6.4'!J161 -> 0 | U160: ='CAT_6.5'!J161 -> 0 | V160: =AVERAGE(T_GENERAL[[#This Row],[CAT_6.1]],T_GENERAL[[#This Row],[CAT_6.2]],T_GENERAL[[#This Row],[CAT_6.3]],T_GENERAL[[#This Row],[CAT_6.4]],T_GENERAL[[#This Row],[CAT_6.5]]) -> 0 | W160: =IF(T_GENERAL[[#This Row],[RESULTADO]]=0,"NO INICIÓ",IF(T_GENERAL[[#This Row],[RESULTADO]]<=1,"INICIO",IF(T_GENERAL[[#This Row],[RESULTADO]]<=2,"PROCESO",IF(T_GENERAL[[#This Row],[RESULTADO]]<=3,"LOGRADO","")))) -> NO INICIÓ | X160: =IF(T_GENERAL[[#This Row],[RESULTADO]]=0,"PENDIENTE","EJECUTADO") -> PENDIENTE
Q161: ='CAT_6.1'!F162 -> 0 | R161: ='CAT_6.2'!E162 -> 0 | S161: ='CAT_6.3'!G162 -> 0 | T161: ='CAT_6.4'!J162 -> 0 | U161: ='CAT_6.5'!J162 -> 0 | V161: =AVERAGE(T_GENERAL[[#This Row],[CAT_6.1]],T_GENERAL[[#This Row],[CAT_6.2]],T_GENERAL[[#This Row],[CAT_6.3]],T_GENERAL[[#This Row],[CAT_6.4]],T_GENERAL[[#This Row],[CAT_6.5]]) -> 0 | W161: =IF(T_GENERAL[[#This Row],[RESULTADO]]=0,"NO INICIÓ",IF(T_GENERAL[[#This Row],[RESULTADO]]<=1,"INICIO",IF(T_GENERAL[[#This Row],[RESULTADO]]<=2,"PROCESO",IF(T_GENERAL[[#This Row],[RESULTADO]]<=3,"LOGRADO","")))) -> NO INICIÓ | X161: =IF(T_GENERAL[[#This Row],[RESULTADO]]=0,"PENDIENTE","EJECUTADO") -> PENDIENTE
Q162: ='CAT_6.1'!F163 -> 0 | R162: ='CAT_6.2'!E163 -> 0 | S162: ='CAT_6.3'!G163 -> 0 | T162: ='CAT_6.4'!J163 -> 0 | U162: ='CAT_6.5'!J163 -> 0 | V162: =AVERAGE(T_GENERAL[[#This Row],[CAT_6.1]],T_GENERAL[[#This Row],[CAT_6.2]],T_GENERAL[[#This Row],[CAT_6.3]],T_GENERAL[[#This Row],[CAT_6.4]],T_GENERAL[[#This Row],[CAT_6.5]]) -> 0 | W162: =IF(T_GENERAL[[#This Row],[RESULTADO]]=0,"NO INICIÓ",IF(T_GENERAL[[#This Row],[RESULTADO]]<=1,"INICIO",IF(T_GENERAL[[#This Row],[RESULTADO]]<=2,"PROCESO",IF(T_GENERAL[[#This Row],[RESULTADO]]<=3,"LOGRADO","")))) -> NO INICIÓ | X162: =IF(T_GENERAL[[#This Row],[RESULTADO]]=0,"PENDIENTE","EJECUTADO") -> PENDIENTE
Q163: ='CAT_6.1'!F164 -> 0 | R163: ='CAT_6.2'!E164 -> 0 | S163: ='CAT_6.3'!G164 -> 0 | T163: ='CAT_6.4'!J164 -> 0 | U163: ='CAT_6.5'!J164 -> 0 | V163: =AVERAGE(T_GENERAL[[#This Row],[CAT_6.1]],T_GENERAL[[#This Row],[CAT_6.2]],T_GENERAL[[#This Row],[CAT_6.3]],T_GENERAL[[#This Row],[CAT_6.4]],T_GENERAL[[#This Row],[CAT_6.5]]) -> 0 | W163: =IF(T_GENERAL[[#This Row],[RESULTADO]]=0,"NO INICIÓ",IF(T_GENERAL[[#This Row],[RESULTADO]]<=1,"INICIO",IF(T_GENERAL[[#This Row],[RESULTADO]]<=2,"PROCESO",IF(T_GENERAL[[#This Row],[RESULTADO]]<=3,"LOGRADO","")))) -> NO INICIÓ | X163: =IF(T_GENERAL[[#This Row],[RESULTADO]]=0,"PENDIENTE","EJECUTADO") -> PENDIENTE

Sheet CAT_6.1
A1: 6.1 MONITOREO Y ACOMPAÑAMIENTO A LA PRÁCTICA DOCENTE
A2: Codigo_Local | B2: Nombre_IIEE | C2: ITEM_6.1.1 | D2: ITEM_6.1.2 | E2: ITEM_6.1.3 | F2: Promedio | G2: RED | H2: Observaciones
A3: =GENERAL!C2 -> 0 | B3: =GENERAL!D2 -> 0 | F3: =IFERROR(AVERAGE(T_6_1[[#This Row],[ITEM_6.1.1]]:T_6_1[[#This Row],[ITEM_6.1.3]]),0) -> 0 | G3: =GENERAL!H2 -> 0
A4: =GENERAL!C3 -> 0 | B4: =GENERAL!D3 -> 0 | F4: =IFERROR(AVERAGE(T_6_1[[#This Row],[ITEM_6.1.1]]:T_6_1[[#This Row],[ITEM_6.1.3]]),0) -> 0 | G4: =GENERAL!H3 -> 0
A5: =GENERAL!C4 -> 0 | B5: =GENERAL!D4 -> 0 | F5: =IFERROR(AVERAGE(T_6_1[[#This Row],[ITEM_6.1.1]]:T_6_1[[#This Row],[ITEM_6.1.3]]),0) -> 0 | G5: =GENERAL!H4 -> 0
A6: =GENERAL!C5 -> 0 | B6: =GENERAL!D5 -> 0 | F6: =IFERROR(AVERAGE(T_6_1[[#This Row],[ITEM_6.1.1]]:T_6_1[[#This Row],[ITEM_6.1.3]]),0) -> 0 | G6: =GENERAL!H5 -> 0
A7: =GENERAL!C6 -> 0 | B7: =GENERAL!D6 -> 0 | F7: =IFERROR(AVERAGE(T_6_1[[#This Row],[ITEM_6.1.1]]:T_6_1[[#This Row],[ITEM_6.1.3]]),0) -> 0 | G7: =GENERAL!H6 -> 0
A8: =GENERAL!C7 -> 0 | B8: =GENERAL!D7 -> 0 | F8: =IFERROR(AVERAGE(T_6_1[[#This Row],[ITEM_6.1.1]]:T_6_1[[#This Row],[ITEM_6.1.3]]),0) -> 0 | G8: =GENERAL!H7 -> 0
A9: =GENERAL!C8 -> 0 | B9: =GENERAL!D8 -> 0 | F9: =IFERROR(AVERAGE(T_6_1[[#This Row],[ITEM_6.1.1]]:T_6_1[[#This Row],[ITEM_6.1.3]]),0) -> 0 | G9: =GENERAL!H8 -> 0
A10: =GENERAL!C9 -> 0 | B10: =GENERAL!D9 -> 0 | F10: =IFERROR(AVERAGE(T_6_1[[#This Row],[ITEM_6.1.1]]:T_6_1[[#This Row],[ITEM_6.1.3]]),0) -> 0 | G10: =GENERAL!H9 -> 0
A11: =GENERAL!C10 -> 0 | B11: =GENERAL!D10 -> 0 | F11: =IFERROR(AVERAGE(T_6_1[[#This Row],[ITEM_6.1.1]]:T_6_1[[#This Row],[ITEM_6.1.3]]),0) -> 0 | G11: =GENERAL!H10 -> 0
A12: =GENERAL!C11 -> 0 | B12: =GENERAL!D11 -> 0 | F12: =IFERROR(AVERAGE(T_6_1[[#This Row],[ITEM_6.1.1]]:T_6_1[[#This Row],[ITEM_6.1.3]]),0) -> 0 | G12: =GENERAL!H11 -> 0
A13: =GENERAL!C12 -> 0 | B13: =GENERAL!D12 -> 0 | F13: =IFERROR(AVERAGE(T_6_1[[#This Row],[ITEM_6.1.1]]:T_6_1[[#This Row],[ITEM_6.1.3]]),0) -> 0 | G13: =GENERAL!H12 -> 0
A14: =GENERAL!C13 -> 0 | B14: =GENERAL!D13 -> 0 | F14: =IFERROR(AVERAGE(T_6_1[[#This Row],[ITEM_6.1.1]]:T_6_1[[#This Row],[ITEM_6.1.3]]),0) -> 0 | G14: =GENERAL!H13 -> 0
... A164: =GENERAL!C163 -> 0 | B164: =GENERAL!D163 -> 0 | F164: =IFERROR(AVERAGE(T_6_1[[#This Row],[ITEM_6.1.1]]:T_6_1[[#This Row],[ITEM_6.1.3]]),0) -> 0 | G164: =GENERAL!H163 -> 0

Sheet CAT_6.2
A1: 6.2 FORTALECIMIENTO DOCENTE
A2: Codigo_Local | B2: Nombre_IIEE | C2: ITEM_6.2.1 | D2: ITEM_6.2.2 | E2: Promedio | F2: RED | G2: Observaciones
A3: =GENERAL!C2 -> 0 | B3: =GENERAL!D2 -> 0 | E3: =IFERROR(AVERAGE(T_6_2[[#This Row],[ITEM_6.2.1]]:T_6_2[[#This Row],[ITEM_6.2.2]]),0) -> 0 | F3: =GENERAL!H2 -> 0
A4: =GENERAL!C3 -> 0 | B4: =GENERAL!D3 -> 0 | E4: =IFERROR(AVERAGE(T_6_2[[#This Row],[ITEM_6.2.1]]:T_6_2[[#This Row],[ITEM_6.2.2]]),0) -> 0 | F4: =GENERAL!H3 -> 0
A5: =GENERAL!C4 -> 0 | B5: =GENERAL!D4 -> 0 | E5: =IFERROR(AVERAGE(T_6_2[[#This Row],[ITEM_6.2.1]]:T_6_2[[#This Row],[ITEM_6.2.2]]),0) -> 0 | F5: =GENERAL!H4 -> 0
A6: =GENERAL!C5 -> 0 | B6: =GENERAL!D5 -> 0 | E6: =IFERROR(AVERAGE(T_6_2[[#This Row],[ITEM_6.2.1]]:T_6_2[[#This Row],[ITEM_6.2.2]]),0) -> 0 | F6: =GENERAL!H5 -> 0
A7: =GENERAL!C6 -> 0 | B7: =GENERAL!D6 -> 0 | E7: =IFERROR(AVERAGE(T_6_2[[#This Row],[ITEM_6.2.1]]:T_6_2[[#This Row],[ITEM_6.2.2]]),0) -> 0 | F7: =GENERAL!H6 -> 0
A8: =GENERAL!C7 -> 0 | B8: =GENERAL!D7 -> 0 | E8: =IFERROR(AVERAGE(T_6_2[[#This Row],[ITEM_6.2.1]]:T_6_2[[#This Row],[ITEM_6.2.2]]),0) -> 0 | F8: =GENERAL!H7 -> 0
A9: =GENERAL!C8 -> 0 | B9: =GENERAL!D8 -> 0 | E9: =IFERROR(AVERAGE(T_6_2[[#This Row],[ITEM_6.2.1]]:T_6_2[[#This Row],[ITEM_6.2.2]]),0) -> 0 | F9: =GENERAL!H8 -> 0
A10: =GENERAL!C9 -> 0 | B10: =GENERAL!D9 -> 0 | E10: =IFERROR(AVERAGE(T_6_2[[#This Row],[ITEM_6.2.1]]:T_6_2[[#This Row],[ITEM_6.2.2]]),0) -> 0 | F10: =GENERAL!H9 -> 0
A11: =GENERAL!C10 -> 0 | B11: =GENERAL!D10 -> 0 | E11: =IFERROR(AVERAGE(T_6_2[[#This Row],[ITEM_6.2.1]]:T_6_2[[#This Row],[ITEM_6.2.2]]),0) -> 0 | F11: =GENERAL!H10 -> 0
A12: =GENERAL!C11 -> 0 | B12: =GENERAL!D11 -> 0 | E12: =IFERROR(AVERAGE(T_6_2[[#This Row],[ITEM_6.2.1]]:T_6_2[[#This Row],[ITEM_6.2.2]]),0) -> 0 | F12: =GENERAL!H11 -> 0
A13: =GENERAL!C12 -> 0 | B13: =GENERAL!D12 -> 0 | E13: =IFERROR(AVERAGE(T_6_2[[#This Row],[ITEM_6.2.1]]:T_6_2[[#This Row],[ITEM_6.2.2]]),0) -> 0 | F13: =GENERAL!H12 -> 0
A14: =GENERAL!C13 -> 0 | B14: =GENERAL!D13 -> 0 | E14: =IFERROR(AVERAGE(T_6_2[[#This Row],[ITEM_6.2.1]]:T_6_2[[#This Row],[ITEM_6.2.2]]),0) -> 0 | F14: =GENERAL!H13 -> 0
... A164: =GENERAL!C163 -> 0 | B164: =GENERAL!D163 -> 0 | E164: =IFERROR(AVERAGE(T_6_2[[#This Row],[ITEM_6.2.1]]:T_6_2[[#This Row],[ITEM_6.2.2]]),0) -> 0 | F164: =GENERAL!H163 -> 0

Sheet CAT_6.3
A1: 6.3 EVALUACIÓN DE LOS APRENDIZAJES / REFUERZO ESCOLAR
A2: Codigo_Local | B2: Nombre_IIEE | C2: ITEM_6.3.1 | D2: ITEM_6.3.2 | E2: ITEM_6.3.3 | F2: ITEM_6.3.4 | G2: Promedio | H2: RED | I2: Observaciones
A3: =GENERAL!C2 -> 0 | B3: =GENERAL!D2 -> 0 | G3: =IFERROR(AVERAGE(T_6_3[[#This Row],[ITEM_6.3.1]]:T_6_3[[#This Row],[ITEM_6.3.4]]),0) -> 0 | H3: =GENERAL!H2 -> 0
A4: =GENERAL!C3 -> 0 | B4: =GENERAL!D3 -> 0 | G4: =IFERROR(AVERAGE(T_6_3[[#This Row],[ITEM_6.3.1]]:T_6_3[[#This Row],[ITEM_6.3.4]]),0) -> 0 | H4: =GENERAL!H3 -> 0
A5: =GENERAL!C4 -> 0 | B5: =GENERAL!D4 -> 0 | G5: =IFERROR(AVERAGE(T_6_3[[#This Row],[ITEM_6.3.1]]:T_6_3[[#This Row],[ITEM_6.3.4]]),0) -> 0 | H5: =GENERAL!H4 -> 0
A6: =GENERAL!C5 -> 0 | B6: =GENERAL!D5 -> 0 | G6: =IFERROR(AVERAGE(T_6_3[[#This Row],[ITEM_6.3.1]]:T_6_3[[#This Row],[ITEM_6.3.4]]),0) -> 0 | H6: =GENERAL!H5 -> 0
A7: =GENERAL!C6 -> 0 | B7: =GENERAL!D6 -> 0 | G7: =IFERROR(AVERAGE(T_6_3[[#This Row],[ITEM_6.3.1]]:T_6_3[[#This Row],[ITEM_6.3.4]]),0) -> 0 | H7: =GENERAL!H6 -> 0
A8: =GENERAL!C7 -> 0 | B8: =GENERAL!D7 -> 0 | G8: =IFERROR(AVERAGE(T_6_3[[#This Row],[ITEM_6.3.1]]:T_6_3[[#This Row],[ITEM_6.3.4]]),0) -> 0 | H8: =GENERAL!H7 -> 0
A9: =GENERAL!C8 -> 0 | B9: =GENERAL!D8 -> 0 | G9: =IFERROR(AVERAGE(T_6_3[[#This Row],[ITEM_6.3.1]]:T_6_3[[#This Row],[ITEM_6.3.4]]),0) -> 0 | H9: =GENERAL!H8 -> 0
A10: =GENERAL!C9 -> 0 | B10: =GENERAL!D9 -> 0 | G10: =IFERROR(AVERAGE(T_6_3[[#This Row],[ITEM_6.3.1]]:T_6_3[[#This Row],[ITEM_6.3.4]]),0) -> 0 | H10: =GENERAL!H9 -> 0
A11: =GENERAL!C10 -> 0 | B11: =GENERAL!D10 -> 0 | G11: =IFERROR(AVERAGE(T_6_3[[#This Row],[ITEM_6.3.1]]:T_6_3[[#This Row],[ITEM_6.3.4]]),0) -> 0 | H11: =GENERAL!H10 -> 0
A12: =GENERAL!C11 -> 0 | B12: =GENERAL!D11 -> 0 | G12: =IFERROR(AVERAGE(T_6_3[[#This Row],[ITEM_6.3.1]]:T_6_3[[#This Row],[ITEM_6.3.4]]),0) -> 0 | H12: =GENERAL!H11 -> 0
A13: =GENERAL!C12 -> 0 | B13: =GENERAL!D12 -> 0 | G13: =IFERROR(AVERAGE(T_6_3[[#This Row],[ITEM_6.3.1]]:T_6_3[[#This Row],[ITEM_6.3.4]]),0) -> 0 | H13: =GENERAL!H12 -> 0
A14: =GENERAL!C13 -> 0 | B14: =GENERAL!D13 -> 0 | G14: =IFERROR(AVERAGE(T_6_3[[#This Row],[ITEM_6.3.1]]:T_6_3[[#This Row],[ITEM_6.3.4]]),0) -> 0 | H14: =GENERAL!H13 -> 0
... A164: =GENERAL!C163 -> 0 | B164: =GENERAL!D163 -> 0 | G164: =IFERROR(AVERAGE(T_6_3[[#This Row],[ITEM_6.3.1]]:T_6_3[[#This Row],[ITEM_6.3.4]]),0) -> 0 | H164: =GENERAL!H163 -> 0

Sheet CAT_6.4
A1: 6.4 USO DE MATERIALES Y ESPACIOS EDUCATIVOS
A2: Codigo_Local | B2: Nombre_IIEE | C2: ITEM_6.4.1 | D2: ITEM_6.4.2 | E2: ITEM_6.4.3 | F2: ITEM_6.4.4 | G2: ITEM_6.4.5 | H2: ITEM_6.4.6 | I2: ITEM_6.4.7 | J2: Promedio | K2: RED | L2: Observaciones
A3: =GENERAL!C2 -> 0 | B3: =GENERAL!D2 -> 0 | J3: =IFERROR(AVERAGE(T_6_4[[#This Row],[ITEM_6.4.1]]:T_6_4[[#This Row],[ITEM_6.4.7]]),0) -> 0 | K3: =GENERAL!H2 -> 0
A4: =GENERAL!C3 -> 0 | B4: =GENERAL!D3 -> 0 | J4: =IFERROR(AVERAGE(T_6_4[[#This Row],[ITEM_6.4.1]]:T_6_4[[#This Row],[ITEM_6.4.7]]),0) -> 0 | K4: =GENERAL!H3 -> 0
A5: =GENERAL!C4 -> 0 | B5: =GENERAL!D4 -> 0 | J5: =IFERROR(AVERAGE(T_6_4[[#This Row],[ITEM_6.4.1]]:T_6_4[[#This Row],[ITEM_6.4.7]]),0) -> 0 | K5: =GENERAL!H4 -> 0
A6: =GENERAL!C5 -> 0 | B6: =GENERAL!D5 -> 0 | J6: =IFERROR(AVERAGE(T_6_4[[#This Row],[ITEM_6.4.1]]:T_6_4[[#This Row],[ITEM_6.4.7]]),0) -> 0 | K6: =GENERAL!H5 -> 0
A7: =GENERAL!C6 -> 0 | B7: =GENERAL!D6 -> 0 | J7: =IFERROR(AVERAGE(T_6_4[[#This Row],[ITEM_6.4.1]]:T_6_4[[#This Row],[ITEM_6.4.7]]),0) -> 0 | K7: =GENERAL!H6 -> 0
A8: =GENERAL!C7 -> 0 | B8: =GENERAL!D7 -> 0 | J8: =IFERROR(AVERAGE(T_6_4[[#This Row],[ITEM_6.4.1]]:T_6_4[[#This Row],[ITEM_6.4.7]]),0) -> 0 | K8: =GENERAL!H7 -> 0
A9: =GENERAL!C8 -> 0 | B9: =GENERAL!D8 -> 0 | J9: =IFERROR(AVERAGE(T_6_4[[#This Row],[ITEM_6.4.1]]:T_6_4[[#This Row],[ITEM_6.4.7]]),0) -> 0 | K9: =GENERAL!H8 -> 0
A10: =GENERAL!C9 -> 0 | B10: =GENERAL!D9 -> 0 | J10: =IFERROR(AVERAGE(T_6_4[[#This Row],[ITEM_6.4.1]]:T_6_4[[#This Row],[ITEM_6.4.7]]),0) -> 0 | K10: =GENERAL!H9 -> 0
A11: =GENERAL!C10 -> 0 | B11: =GENERAL!D10 -> 0 | J11: =IFERROR(AVERAGE(T_6_4[[#This Row],[ITEM_6.4.1]]:T_6_4[[#This Row],[ITEM_6.4.7]]),0) -> 0 | K11: =GENERAL!H10 -> 0
A12: =GENERAL!C11 -> 0 | B12: =GENERAL!D11 -> 0 | J12: =IFERROR(AVERAGE(T_6_4[[#This Row],[ITEM_6.4.1]]:T_6_4[[#This Row],[ITEM_6.4.7]]),0) -> 0 | K12: =GENERAL!H11 -> 0
A13: =GENERAL!C12 -> 0 | B13: =GENERAL!D12 -> 0 | J13: =IFERROR(AVERAGE(T_6_4[[#This Row],[ITEM_6.4.1]]:T_6_4[[#This Row],[ITEM_6.4.7]]),0) -> 0 | K13: =GENERAL!H12 -> 0
A14: =GENERAL!C13 -> 0 | B14: =GENERAL!D13 -> 0 | J14: =IFERROR(AVERAGE(T_6_4[[#This Row],[ITEM_6.4.1]]:T_6_4[[#This Row],[ITEM_6.4.7]]),0) -> 0 | K14: =GENERAL!H13 -> 0
... A164: =GENERAL!C163 -> 0 | B164: =GENERAL!D163 -> 0 | J164: =IFERROR(AVERAGE(T_6_4[[#This Row],[ITEM_6.4.1]]:T_6_4[[#This Row],[ITEM_6.4.7]]),0) -> 0 | K164: =GENERAL!H163 -> 0

Sheet CAT_6.5
A1: 6.5 OTROS ASPECTOS
A2: Codigo_Local | B2: Nombre_IIEE | C2: ITEM_6.5.1 | D2: ITEM_6.5.2 | E2: ITEM_6.5.3 | F2: ITEM_6.5.4 | G2: ITEM_6.5.5 | H2: ITEM_6.5.6 | I2: ITEM_6.5.7 | J2: Promedio | K2: RED | L2: Observaciones
A3: =GENERAL!C2 -> 0 | B3: =GENERAL!D2 -> 0 | J3: =IFERROR(AVERAGE(T_6_5[[#This Row],[ITEM_6.5.1]]:T_6_5[[#This Row],[ITEM_6.5.7]]),0) -> 0 | K3: =GENERAL!H2 -> 0
A4: =GENERAL!C3 -> 0 | B4: =GENERAL!D3 -> 0 | J4: =IFERROR(AVERAGE(T_6_5[[#This Row],[ITEM_6.5.1]]:T_6_5[[#This Row],[ITEM_6.5.7]]),0) -> 0 | K4: =GENERAL!H3 -> 0
A5: =GENERAL!C4 -> 0 | B5: =GENERAL!D4 -> 0 | J5: =IFERROR(AVERAGE(T_6_5[[#This Row],[ITEM_6.5.1]]:T_6_5[[#This Row],[ITEM_6.5.7]]),0) -> 0 | K5: =GENERAL!H4 -> 0
A6: =GENERAL!C5 -> 0 | B6: =GENERAL!D5 -> 0 | J6: =IFERROR(AVERAGE(T_6_5[[#This Row],[ITEM_6.5.1]]:T_6_5[[#This Row],[ITEM_6.5.7]]),0) -> 0 | K6: =GENERAL!H5 -> 0
A7: =GENERAL!C6 -> 0 | B7: =GENERAL!D6 -> 0 | J7: =IFERROR(AVERAGE(T_6_5[[#This Row],[ITEM_6.5.1]]:T_6_5[[#This Row],[ITEM_6.5.7]]),0) -> 0 | K7: =GENERAL!H6 -> 0
A8: =GENERAL!C7 -> 0 | B8: =GENERAL!D7 -> 0 | J8: =IFERROR(AVERAGE(T_6_5[[#This Row],[ITEM_6.5.1]]:T_6_5[[#This Row],[ITEM_6.5.7]]),0) -> 0 | K8: =GENERAL!H7 -> 0
A9: =GENERAL!C8 -> 0 | B9: =GENERAL!D8 -> 0 | J9: =IFERROR(AVERAGE(T_6_5[[#This Row],[ITEM_6.5.1]]:T_6_5[[#This Row],[ITEM_6.5.7]]),0) -> 0 | K9: =GENERAL!H8 -> 0
A10: =GENERAL!C9 -> 0 | B10: =GENERAL!D9 -> 0 | J10: =IFERROR(AVERAGE(T_6_5[[#This Row],[ITEM_6.5.1]]:T_6_5[[#This Row],[ITEM_6.5.7]]),0) -> 0 | K10: =GENERAL!H9 -> 0
A11: =GENERAL!C10 -> 0 | B11: =GENERAL!D10 -> 0 | J11: =IFERROR(AVERAGE(T_6_5[[#This Row],[ITEM_6.5.1]]:T_6_5[[#This Row],[ITEM_6.5.7]]),0) -> 0 | K11: =GENERAL!H10 -> 0
A12: =GENERAL!C11 -> 0 | B12: =GENERAL!D11 -> 0 | J12: =IFERROR(AVERAGE(T_6_5[[#This Row],[ITEM_6.5.1]]:T_6_5[[#This Row],[ITEM_6.5.7]]),0) -> 0 | K12: =GENERAL!H11 -> 0
A13: =GENERAL!C12 -> 0 | B13: =GENERAL!D12 -> 0 | J13: =IFERROR(AVERAGE(T_6_5[[#This Row],[ITEM_6.5.1]]:T_6_5[[#This Row],[ITEM_6.5.7]]),0) -> 0 | K13: =GENERAL!H12 -> 0
A14: =GENERAL!C13 -> 0 | B14: =GENERAL!D13 -> 0 | J14: =IFERROR(AVERAGE(T_6_5[[#This Row],[ITEM_6.5.1]]:T_6_5[[#This Row],[ITEM_6.5.7]]),0) -> 0 | K14: =GENERAL!H13 -> 0
... A164: =GENERAL!C163 -> 0 | B164: =GENERAL!D163 -> 0 | J164: =IFERROR(AVERAGE(T_6_5[[#This Row],[ITEM_6.5.1]]:T_6_5[[#This Row],[ITEM_6.5.7]]),0) -> 0 | K164: =GENERAL!H163 -> 0

Sheet DOCENTES_1ER_MOM
A1: IV. DATA DE DOCENTES MONITOREADOS - PRIMER MOMENTO (por nivel). R1-R5 = rúbricas; I-IV = niveles de logro
A2: Codigo_Local | B2: Nombre_IE | C2: NIVEL | D2: TOTAL_DOCENTES | E2: DOCENTES_MONITOREADOS | F2: DOCENTES_NO_MONITOREADOS | G2: R1_I | H2: R1_II | I2: R1_III | J2: R1_IV | K2: R2_I | L2: R2_II | M2: R2_III | N2: R2_IV | O2: R3_I | P2: R3_II | Q2: R3_III | R2: R3_IV | S2: R4_I | T2: R4_II | U2: R4_III | V2: R4_IV | W2: R5_I | X2: R5_II | Y2: R5_III | Z2: R5_IV

Sheet DOCENTES_2DO_MOM
A1: V. DATA DE DOCENTES MONITOREADOS - SEGUNDO MOMENTO (por nivel). R1-R5 = rúbricas; I-IV = niveles de logro
A2: Codigo_Local | B2: Nombre_IE | C2: NIVEL | D2: TOTAL_DOCENTES | E2: DOCENTES_MONITOREADOS | F2: DOCENTES_NO_MONITOREADOS | G2: R1_I | H2: R1_II | I2: R1_III | J2: R1_IV | K2: R2_I | L2: R2_II | M2: R2_III | N2: R2_IV | O2: R3_I | P2: R3_II | Q2: R3_III | R2: R3_IV | S2: R4_I | T2: R4_II | U2: R4_III | V2: R4_IV | W2: R5_I | X2: R5_II | Y2: R5_III | Z2: R5_IV
